impl,schedule,M,N,K,threads,time_sec,gflops,checksum,max_error
openmp,default,64,64,64,4,0.000088,5.958,6.6515172338e+04,0.000e+00
pthread,static-block,64,64,64,4,0.000095,5.499,6.6515172338e+04,0.000e+00
openmp,default,512,512,512,1,0.044935,5.974,3.3554434859e+07,-1.000e+00
openmp,default,512,512,512,2,0.022484,11.939,3.3554434859e+07,-1.000e+00
openmp,default,512,512,512,3,0.015071,17.812,3.3554434859e+07,-1.000e+00
openmp,default,512,512,512,4,0.011601,23.139,3.3554434859e+07,-1.000e+00
openmp,default,512,512,512,5,0.009411,28.523,3.3554434859e+07,-1.000e+00
openmp,default,512,512,512,6,0.007846,34.213,3.3554434859e+07,-1.000e+00
openmp,default,512,512,512,7,0.006765,39.679,3.3554434859e+07,-1.000e+00
openmp,default,512,512,512,8,0.005944,45.158,3.3554434859e+07,-1.000e+00
openmp,default,512,512,512,9,0.005149,52.132,3.3554434859e+07,-1.000e+00
openmp,default,512,512,512,10,0.005172,51.902,3.3554434859e+07,-1.000e+00
openmp,default,512,512,512,11,0.004619,58.110,3.3554434859e+07,-1.000e+00
openmp,default,512,512,512,12,0.004089,65.653,3.3554434859e+07,-1.000e+00
openmp,default,512,512,512,13,0.003883,69.129,3.3554434859e+07,-1.000e+00
openmp,default,512,512,512,14,0.003571,75.164,3.3554434859e+07,-1.000e+00
openmp,default,512,512,512,15,0.003489,76.928,3.3554434859e+07,-1.000e+00
openmp,default,512,512,512,16,0.003378,79.468,3.3554434859e+07,-1.000e+00
openmp,default,512,512,512,17,0.003279,81.854,3.3554434859e+07,-1.000e+00
openmp,default,512,512,512,18,0.003152,85.174,3.3554434859e+07,-1.000e+00
openmp,default,512,512,512,19,0.003074,87.328,3.3554434859e+07,-1.000e+00
openmp,default,512,512,512,20,0.003106,86.413,3.3554434859e+07,-1.000e+00
openmp,default,512,512,512,21,0.003438,78.088,3.3554434859e+07,-1.000e+00
openmp,default,512,512,512,22,0.002987,89.857,3.3554434859e+07,-1.000e+00
openmp,default,512,512,512,23,0.002966,90.513,3.3554434859e+07,-1.000e+00
openmp,default,512,512,512,24,0.003304,81.247,3.3554434859e+07,-1.000e+00
openmp,default,512,512,512,25,0.002446,109.742,3.3554434859e+07,-1.000e+00
openmp,default,512,512,512,26,0.002929,91.644,3.3554434859e+07,-1.000e+00
openmp,default,512,512,512,27,0.002483,108.128,3.3554434859e+07,-1.000e+00
openmp,default,512,512,512,28,0.002249,119.333,3.3554434859e+07,-1.000e+00
openmp,default,512,512,512,29,0.003054,87.911,3.3554434859e+07,-1.000e+00
openmp,default,512,512,512,30,0.003149,85.256,3.3554434859e+07,-1.000e+00
openmp,default,512,512,512,31,0.002981,90.062,3.3554434859e+07,-1.000e+00
openmp,default,512,512,512,32,0.003190,84.149,3.3554434859e+07,-1.000e+00
openmp,static1,512,512,512,1,0.047040,5.707,3.3554434859e+07,-1.000e+00
openmp,static1,512,512,512,2,0.022543,11.908,3.3554434859e+07,-1.000e+00
openmp,static1,512,512,512,3,0.015150,17.718,3.3554434859e+07,-1.000e+00
openmp,static1,512,512,512,4,0.011757,22.832,3.3554434859e+07,-1.000e+00
openmp,static1,512,512,512,5,0.009230,29.082,3.3554434859e+07,-1.000e+00
openmp,static1,512,512,512,6,0.007839,34.243,3.3554434859e+07,-1.000e+00
openmp,static1,512,512,512,7,0.006597,40.692,3.3554434859e+07,-1.000e+00
openmp,static1,512,512,512,8,0.005962,45.021,3.3554434859e+07,-1.000e+00
openmp,static1,512,512,512,9,0.005245,51.177,3.3554434859e+07,-1.000e+00
openmp,static1,512,512,512,10,0.004787,56.076,3.3554434859e+07,-1.000e+00
openmp,static1,512,512,512,11,0.004326,62.047,3.3554434859e+07,-1.000e+00
openmp,static1,512,512,512,12,0.004120,65.151,3.3554434859e+07,-1.000e+00
openmp,static1,512,512,512,13,0.003733,71.918,3.3554434859e+07,-1.000e+00
openmp,static1,512,512,512,14,0.003555,75.501,3.3554434859e+07,-1.000e+00
openmp,static1,512,512,512,15,0.003358,79.944,3.3554434859e+07,-1.000e+00
openmp,static1,512,512,512,16,0.003417,78.560,3.3554434859e+07,-1.000e+00
openmp,static1,512,512,512,17,0.003271,82.076,3.3554434859e+07,-1.000e+00
openmp,static1,512,512,512,18,0.003190,84.146,3.3554434859e+07,-1.000e+00
openmp,static1,512,512,512,19,0.002916,92.041,3.3554434859e+07,-1.000e+00
openmp,static1,512,512,512,20,0.002850,94.188,3.3554434859e+07,-1.000e+00
openmp,static1,512,512,512,21,0.002748,97.690,3.3554434859e+07,-1.000e+00
openmp,static1,512,512,512,22,0.002771,96.864,3.3554434859e+07,-1.000e+00
openmp,static1,512,512,512,23,0.002679,100.186,3.3554434859e+07,-1.000e+00
openmp,static1,512,512,512,24,0.003024,88.771,3.3554434859e+07,-1.000e+00
openmp,static1,512,512,512,25,0.002651,101.273,3.3554434859e+07,-1.000e+00
openmp,static1,512,512,512,26,0.002881,93.162,3.3554434859e+07,-1.000e+00
openmp,static1,512,512,512,27,0.005497,48.829,3.3554434859e+07,-1.000e+00
openmp,static1,512,512,512,28,0.002529,106.156,3.3554434859e+07,-1.000e+00
openmp,static1,512,512,512,29,0.002610,102.843,3.3554434859e+07,-1.000e+00
openmp,static1,512,512,512,30,0.002402,111.744,3.3554434859e+07,-1.000e+00
openmp,static1,512,512,512,31,0.003186,84.255,3.3554434859e+07,-1.000e+00
openmp,static1,512,512,512,32,0.003388,79.222,3.3554434859e+07,-1.000e+00
openmp,dynamic1,512,512,512,1,0.045429,5.909,3.3554434859e+07,-1.000e+00
openmp,dynamic1,512,512,512,2,0.022654,11.850,3.3554434859e+07,-1.000e+00
openmp,dynamic1,512,512,512,3,0.015079,17.802,3.3554434859e+07,-1.000e+00
openmp,dynamic1,512,512,512,4,0.011393,23.562,3.3554434859e+07,-1.000e+00
openmp,dynamic1,512,512,512,5,0.009318,28.808,3.3554434859e+07,-1.000e+00
openmp,dynamic1,512,512,512,6,0.007752,34.629,3.3554434859e+07,-1.000e+00
openmp,dynamic1,512,512,512,7,0.006611,40.606,3.3554434859e+07,-1.000e+00
openmp,dynamic1,512,512,512,8,0.005780,46.438,3.3554434859e+07,-1.000e+00
openmp,dynamic1,512,512,512,9,0.005195,51.676,3.3554434859e+07,-1.000e+00
openmp,dynamic1,512,512,512,10,0.004685,57.301,3.3554434859e+07,-1.000e+00
openmp,dynamic1,512,512,512,11,0.004288,62.607,3.3554434859e+07,-1.000e+00
openmp,dynamic1,512,512,512,12,0.003983,67.396,3.3554434859e+07,-1.000e+00
openmp,dynamic1,512,512,512,13,0.003726,72.051,3.3554434859e+07,-1.000e+00
openmp,dynamic1,512,512,512,14,0.003459,77.606,3.3554434859e+07,-1.000e+00
openmp,dynamic1,512,512,512,15,0.003210,83.631,3.3554434859e+07,-1.000e+00
openmp,dynamic1,512,512,512,16,0.003111,86.298,3.3554434859e+07,-1.000e+00
openmp,dynamic1,512,512,512,17,0.003052,87.949,3.3554434859e+07,-1.000e+00
openmp,dynamic1,512,512,512,18,0.002919,91.951,3.3554434859e+07,-1.000e+00
openmp,dynamic1,512,512,512,19,0.002777,96.662,3.3554434859e+07,-1.000e+00
openmp,dynamic1,512,512,512,20,0.002715,98.881,3.3554434859e+07,-1.000e+00
openmp,dynamic1,512,512,512,21,0.002586,103.800,3.3554434859e+07,-1.000e+00
openmp,dynamic1,512,512,512,22,0.002549,105.328,3.3554434859e+07,-1.000e+00
openmp,dynamic1,512,512,512,23,0.002395,112.066,3.3554434859e+07,-1.000e+00
openmp,dynamic1,512,512,512,24,0.002394,112.150,3.3554434859e+07,-1.000e+00
openmp,dynamic1,512,512,512,25,0.004149,64.703,3.3554434859e+07,-1.000e+00
openmp,dynamic1,512,512,512,26,0.002255,119.052,3.3554434859e+07,-1.000e+00
openmp,dynamic1,512,512,512,27,0.002214,121.268,3.3554434859e+07,-1.000e+00
openmp,dynamic1,512,512,512,28,0.002292,117.142,3.3554434859e+07,-1.000e+00
openmp,dynamic1,512,512,512,29,0.002157,124.433,3.3554434859e+07,-1.000e+00
openmp,dynamic1,512,512,512,30,0.002197,122.198,3.3554434859e+07,-1.000e+00
openmp,dynamic1,512,512,512,31,0.005012,53.562,3.3554434859e+07,-1.000e+00
openmp,dynamic1,512,512,512,32,0.005607,47.879,3.3554434859e+07,-1.000e+00
openmp,default,1024,1024,1024,1,0.380739,5.640,2.6843577513e+08,-1.000e+00
openmp,default,1024,1024,1024,2,0.193436,11.102,2.6843577513e+08,-1.000e+00
openmp,default,1024,1024,1024,3,0.127371,16.860,2.6843577513e+08,-1.000e+00
openmp,default,1024,1024,1024,4,0.095545,22.476,2.6843577513e+08,-1.000e+00
openmp,default,1024,1024,1024,5,0.077588,27.678,2.6843577513e+08,-1.000e+00
openmp,default,1024,1024,1024,6,0.064197,33.451,2.6843577513e+08,-1.000e+00
openmp,default,1024,1024,1024,7,0.055797,38.488,2.6843577513e+08,-1.000e+00
openmp,default,1024,1024,1024,8,0.048888,43.927,2.6843577513e+08,-1.000e+00
openmp,default,1024,1024,1024,9,0.043265,49.635,2.6843577513e+08,-1.000e+00
openmp,default,1024,1024,1024,10,0.039153,54.849,2.6843577513e+08,-1.000e+00
openmp,default,1024,1024,1024,11,0.036127,59.443,2.6843577513e+08,-1.000e+00
openmp,default,1024,1024,1024,12,0.033097,64.884,2.6843577513e+08,-1.000e+00
openmp,default,1024,1024,1024,13,0.030422,70.589,2.6843577513e+08,-1.000e+00
openmp,default,1024,1024,1024,14,0.028541,75.241,2.6843577513e+08,-1.000e+00
openmp,default,1024,1024,1024,15,0.026609,80.704,2.6843577513e+08,-1.000e+00
openmp,default,1024,1024,1024,16,0.024797,86.602,2.6843577513e+08,-1.000e+00
openmp,default,1024,1024,1024,17,0.025255,85.034,2.6843577513e+08,-1.000e+00
openmp,default,1024,1024,1024,18,0.023821,90.152,2.6843577513e+08,-1.000e+00
openmp,default,1024,1024,1024,19,0.025413,84.504,2.6843577513e+08,-1.000e+00
openmp,default,1024,1024,1024,20,0.021996,97.630,2.6843577513e+08,-1.000e+00
openmp,default,1024,1024,1024,21,0.020602,104.235,2.6843577513e+08,-1.000e+00
openmp,default,1024,1024,1024,22,0.021455,100.092,2.6843577513e+08,-1.000e+00
openmp,default,1024,1024,1024,23,0.019198,111.861,2.6843577513e+08,-1.000e+00
openmp,default,1024,1024,1024,24,0.020570,104.400,2.6843577513e+08,-1.000e+00
openmp,default,1024,1024,1024,25,0.019683,109.104,2.6843577513e+08,-1.000e+00
openmp,default,1024,1024,1024,26,0.020218,106.214,2.6843577513e+08,-1.000e+00
openmp,default,1024,1024,1024,27,0.019614,109.487,2.6843577513e+08,-1.000e+00
openmp,default,1024,1024,1024,28,0.020078,106.958,2.6843577513e+08,-1.000e+00
openmp,default,1024,1024,1024,29,0.018244,117.708,2.6843577513e+08,-1.000e+00
openmp,default,1024,1024,1024,30,0.020675,103.868,2.6843577513e+08,-1.000e+00
openmp,default,1024,1024,1024,31,0.019595,109.593,2.6843577513e+08,-1.000e+00
openmp,default,1024,1024,1024,32,0.019421,110.577,2.6843577513e+08,-1.000e+00
openmp,static1,1024,1024,1024,1,0.380169,5.649,2.6843577513e+08,-1.000e+00
openmp,static1,1024,1024,1024,2,0.194956,11.015,2.6843577513e+08,-1.000e+00
openmp,static1,1024,1024,1024,3,0.130066,16.511,2.6843577513e+08,-1.000e+00
openmp,static1,1024,1024,1024,4,0.099532,21.576,2.6843577513e+08,-1.000e+00
openmp,static1,1024,1024,1024,5,0.078239,27.448,2.6843577513e+08,-1.000e+00
openmp,static1,1024,1024,1024,6,0.065104,32.985,2.6843577513e+08,-1.000e+00
openmp,static1,1024,1024,1024,7,0.056665,37.898,2.6843577513e+08,-1.000e+00
openmp,static1,1024,1024,1024,8,0.048826,43.982,2.6843577513e+08,-1.000e+00
openmp,static1,1024,1024,1024,9,0.043668,49.178,2.6843577513e+08,-1.000e+00
openmp,static1,1024,1024,1024,10,0.039780,53.984,2.6843577513e+08,-1.000e+00
openmp,static1,1024,1024,1024,11,0.039018,55.038,2.6843577513e+08,-1.000e+00
openmp,static1,1024,1024,1024,12,0.033206,64.672,2.6843577513e+08,-1.000e+00
openmp,static1,1024,1024,1024,13,0.030703,69.945,2.6843577513e+08,-1.000e+00
openmp,static1,1024,1024,1024,14,0.031026,69.216,2.6843577513e+08,-1.000e+00
openmp,static1,1024,1024,1024,15,0.027160,79.066,2.6843577513e+08,-1.000e+00
openmp,static1,1024,1024,1024,16,0.027405,78.361,2.6843577513e+08,-1.000e+00
openmp,static1,1024,1024,1024,17,0.025752,83.392,2.6843577513e+08,-1.000e+00
openmp,static1,1024,1024,1024,18,0.024771,86.693,2.6843577513e+08,-1.000e+00
openmp,static1,1024,1024,1024,19,0.025116,85.504,2.6843577513e+08,-1.000e+00
openmp,static1,1024,1024,1024,20,0.022231,96.600,2.6843577513e+08,-1.000e+00
openmp,static1,1024,1024,1024,21,0.022925,93.675,2.6843577513e+08,-1.000e+00
openmp,static1,1024,1024,1024,22,0.022363,96.029,2.6843577513e+08,-1.000e+00
openmp,static1,1024,1024,1024,23,0.022099,97.176,2.6843577513e+08,-1.000e+00
openmp,static1,1024,1024,1024,24,0.022713,94.548,2.6843577513e+08,-1.000e+00
openmp,static1,1024,1024,1024,25,0.021467,100.035,2.6843577513e+08,-1.000e+00
openmp,static1,1024,1024,1024,26,0.021537,99.709,2.6843577513e+08,-1.000e+00
openmp,static1,1024,1024,1024,27,0.022288,96.354,2.6843577513e+08,-1.000e+00
openmp,static1,1024,1024,1024,28,0.025263,85.004,2.6843577513e+08,-1.000e+00
openmp,static1,1024,1024,1024,29,0.021418,100.263,2.6843577513e+08,-1.000e+00
openmp,static1,1024,1024,1024,30,0.021352,100.576,2.6843577513e+08,-1.000e+00
openmp,static1,1024,1024,1024,31,0.021033,102.100,2.6843577513e+08,-1.000e+00
openmp,static1,1024,1024,1024,32,0.026025,82.517,2.6843577513e+08,-1.000e+00
openmp,dynamic1,1024,1024,1024,1,0.383849,5.595,2.6843577513e+08,-1.000e+00
openmp,dynamic1,1024,1024,1024,2,0.191575,11.210,2.6843577513e+08,-1.000e+00
openmp,dynamic1,1024,1024,1024,3,0.127804,16.803,2.6843577513e+08,-1.000e+00
openmp,dynamic1,1024,1024,1024,4,0.095689,22.442,2.6843577513e+08,-1.000e+00
openmp,dynamic1,1024,1024,1024,5,0.076789,27.966,2.6843577513e+08,-1.000e+00
openmp,dynamic1,1024,1024,1024,6,0.064647,33.219,2.6843577513e+08,-1.000e+00
openmp,dynamic1,1024,1024,1024,7,0.055486,38.703,2.6843577513e+08,-1.000e+00
openmp,dynamic1,1024,1024,1024,8,0.048397,44.372,2.6843577513e+08,-1.000e+00
openmp,dynamic1,1024,1024,1024,9,0.043868,48.953,2.6843577513e+08,-1.000e+00
openmp,dynamic1,1024,1024,1024,10,0.039294,54.652,2.6843577513e+08,-1.000e+00
openmp,dynamic1,1024,1024,1024,11,0.035903,59.813,2.6843577513e+08,-1.000e+00
openmp,dynamic1,1024,1024,1024,12,0.032834,65.404,2.6843577513e+08,-1.000e+00
openmp,dynamic1,1024,1024,1024,13,0.030370,70.710,2.6843577513e+08,-1.000e+00
openmp,dynamic1,1024,1024,1024,14,0.028417,75.569,2.6843577513e+08,-1.000e+00
openmp,dynamic1,1024,1024,1024,15,0.027201,78.948,2.6843577513e+08,-1.000e+00
openmp,dynamic1,1024,1024,1024,16,0.025264,85.001,2.6843577513e+08,-1.000e+00
openmp,dynamic1,1024,1024,1024,17,0.024363,88.144,2.6843577513e+08,-1.000e+00
openmp,dynamic1,1024,1024,1024,18,0.023029,93.253,2.6843577513e+08,-1.000e+00
openmp,dynamic1,1024,1024,1024,19,0.022408,95.837,2.6843577513e+08,-1.000e+00
openmp,dynamic1,1024,1024,1024,20,0.021556,99.623,2.6843577513e+08,-1.000e+00
openmp,dynamic1,1024,1024,1024,21,0.020540,104.550,2.6843577513e+08,-1.000e+00
openmp,dynamic1,1024,1024,1024,22,0.020146,106.595,2.6843577513e+08,-1.000e+00
openmp,dynamic1,1024,1024,1024,23,0.019238,111.628,2.6843577513e+08,-1.000e+00
openmp,dynamic1,1024,1024,1024,24,0.018788,114.299,2.6843577513e+08,-1.000e+00
openmp,dynamic1,1024,1024,1024,25,0.017708,121.269,2.6843577513e+08,-1.000e+00
openmp,dynamic1,1024,1024,1024,26,0.017454,123.039,2.6843577513e+08,-1.000e+00
openmp,dynamic1,1024,1024,1024,27,0.017304,124.106,2.6843577513e+08,-1.000e+00
openmp,dynamic1,1024,1024,1024,28,0.016722,128.421,2.6843577513e+08,-1.000e+00
openmp,dynamic1,1024,1024,1024,29,0.017202,124.840,2.6843577513e+08,-1.000e+00
openmp,dynamic1,1024,1024,1024,30,0.016034,133.937,2.6843577513e+08,-1.000e+00
openmp,dynamic1,1024,1024,1024,31,0.015640,137.307,2.6843577513e+08,-1.000e+00
openmp,dynamic1,1024,1024,1024,32,0.017754,120.960,2.6843577513e+08,-1.000e+00
openmp,default,1536,1536,1536,1,1.305469,5.552,9.0596836276e+08,-1.000e+00
openmp,default,1536,1536,1536,2,0.660029,10.981,9.0596836276e+08,-1.000e+00
openmp,default,1536,1536,1536,3,0.450352,16.094,9.0596836276e+08,-1.000e+00
openmp,default,1536,1536,1536,4,0.329780,21.978,9.0596836276e+08,-1.000e+00
openmp,default,1536,1536,1536,5,0.273849,26.466,9.0596836276e+08,-1.000e+00
openmp,default,1536,1536,1536,6,0.237146,30.562,9.0596836276e+08,-1.000e+00
openmp,default,1536,1536,1536,7,0.193388,37.478,9.0596836276e+08,-1.000e+00
openmp,default,1536,1536,1536,8,0.168650,42.975,9.0596836276e+08,-1.000e+00
openmp,default,1536,1536,1536,9,0.153631,47.176,9.0596836276e+08,-1.000e+00
openmp,default,1536,1536,1536,10,0.139514,51.950,9.0596836276e+08,-1.000e+00
openmp,default,1536,1536,1536,11,0.123773,58.557,9.0596836276e+08,-1.000e+00
openmp,default,1536,1536,1536,12,0.116636,62.140,9.0596836276e+08,-1.000e+00
openmp,default,1536,1536,1536,13,0.105238,68.870,9.0596836276e+08,-1.000e+00
openmp,default,1536,1536,1536,14,0.097224,74.547,9.0596836276e+08,-1.000e+00
openmp,default,1536,1536,1536,15,0.091728,79.014,9.0596836276e+08,-1.000e+00
openmp,default,1536,1536,1536,16,0.086103,84.176,9.0596836276e+08,-1.000e+00
openmp,default,1536,1536,1536,17,0.086663,83.632,9.0596836276e+08,-1.000e+00
openmp,default,1536,1536,1536,18,0.082779,87.556,9.0596836276e+08,-1.000e+00
openmp,default,1536,1536,1536,19,0.077888,93.053,9.0596836276e+08,-1.000e+00
openmp,default,1536,1536,1536,20,0.074378,97.445,9.0596836276e+08,-1.000e+00
openmp,default,1536,1536,1536,21,0.071495,101.375,9.0596836276e+08,-1.000e+00
openmp,default,1536,1536,1536,22,0.067910,106.725,9.0596836276e+08,-1.000e+00
openmp,default,1536,1536,1536,23,0.065087,111.355,9.0596836276e+08,-1.000e+00
openmp,default,1536,1536,1536,24,0.071840,100.888,9.0596836276e+08,-1.000e+00
openmp,default,1536,1536,1536,25,0.070640,102.602,9.0596836276e+08,-1.000e+00
openmp,default,1536,1536,1536,26,0.068146,106.356,9.0596836276e+08,-1.000e+00
openmp,default,1536,1536,1536,27,0.070159,103.304,9.0596836276e+08,-1.000e+00
openmp,default,1536,1536,1536,28,0.068474,105.846,9.0596836276e+08,-1.000e+00
openmp,default,1536,1536,1536,29,0.065481,110.685,9.0596836276e+08,-1.000e+00
openmp,default,1536,1536,1536,30,0.067015,108.151,9.0596836276e+08,-1.000e+00
openmp,default,1536,1536,1536,31,0.067640,107.151,9.0596836276e+08,-1.000e+00
openmp,default,1536,1536,1536,32,0.072424,100.074,9.0596836276e+08,-1.000e+00
openmp,static1,1536,1536,1536,1,1.332905,5.438,9.0596836276e+08,-1.000e+00
openmp,static1,1536,1536,1536,2,0.655616,11.055,9.0596836276e+08,-1.000e+00
openmp,static1,1536,1536,1536,3,0.438105,16.543,9.0596836276e+08,-1.000e+00
openmp,static1,1536,1536,1536,4,0.328884,22.037,9.0596836276e+08,-1.000e+00
openmp,static1,1536,1536,1536,5,0.265063,27.343,9.0596836276e+08,-1.000e+00
openmp,static1,1536,1536,1536,6,0.228152,31.767,9.0596836276e+08,-1.000e+00
openmp,static1,1536,1536,1536,7,0.195317,37.108,9.0596836276e+08,-1.000e+00
openmp,static1,1536,1536,1536,8,0.171409,42.284,9.0596836276e+08,-1.000e+00
openmp,static1,1536,1536,1536,9,0.152875,47.410,9.0596836276e+08,-1.000e+00
openmp,static1,1536,1536,1536,10,0.136268,53.188,9.0596836276e+08,-1.000e+00
openmp,static1,1536,1536,1536,11,0.124083,58.411,9.0596836276e+08,-1.000e+00
openmp,static1,1536,1536,1536,12,0.115104,62.967,9.0596836276e+08,-1.000e+00
openmp,static1,1536,1536,1536,13,0.105722,68.555,9.0596836276e+08,-1.000e+00
openmp,static1,1536,1536,1536,14,0.104076,69.639,9.0596836276e+08,-1.000e+00
openmp,static1,1536,1536,1536,15,0.097953,73.992,9.0596836276e+08,-1.000e+00
openmp,static1,1536,1536,1536,16,0.090483,80.101,9.0596836276e+08,-1.000e+00
openmp,static1,1536,1536,1536,17,0.095983,75.511,9.0596836276e+08,-1.000e+00
openmp,static1,1536,1536,1536,18,0.082495,87.857,9.0596836276e+08,-1.000e+00
openmp,static1,1536,1536,1536,19,0.091644,79.086,9.0596836276e+08,-1.000e+00
openmp,static1,1536,1536,1536,20,0.075116,96.488,9.0596836276e+08,-1.000e+00
openmp,static1,1536,1536,1536,21,0.073805,98.202,9.0596836276e+08,-1.000e+00
openmp,static1,1536,1536,1536,22,0.078906,91.853,9.0596836276e+08,-1.000e+00
openmp,static1,1536,1536,1536,23,0.079392,91.291,9.0596836276e+08,-1.000e+00
openmp,static1,1536,1536,1536,24,0.079956,90.646,9.0596836276e+08,-1.000e+00
openmp,static1,1536,1536,1536,25,0.077540,93.471,9.0596836276e+08,-1.000e+00
openmp,static1,1536,1536,1536,26,0.073262,98.929,9.0596836276e+08,-1.000e+00
openmp,static1,1536,1536,1536,27,0.062450,116.057,9.0596836276e+08,-1.000e+00
openmp,static1,1536,1536,1536,28,0.066884,108.363,9.0596836276e+08,-1.000e+00
openmp,static1,1536,1536,1536,29,0.073535,98.562,9.0596836276e+08,-1.000e+00
openmp,static1,1536,1536,1536,30,0.075415,96.105,9.0596836276e+08,-1.000e+00
openmp,static1,1536,1536,1536,31,0.075644,95.814,9.0596836276e+08,-1.000e+00
openmp,static1,1536,1536,1536,32,0.075734,95.701,9.0596836276e+08,-1.000e+00
openmp,dynamic1,1536,1536,1536,1,1.336079,5.425,9.0596836276e+08,-1.000e+00
openmp,dynamic1,1536,1536,1536,2,0.668553,10.841,9.0596836276e+08,-1.000e+00
openmp,dynamic1,1536,1536,1536,3,0.440708,16.446,9.0596836276e+08,-1.000e+00
openmp,dynamic1,1536,1536,1536,4,0.333641,21.723,9.0596836276e+08,-1.000e+00
openmp,dynamic1,1536,1536,1536,5,0.269588,26.885,9.0596836276e+08,-1.000e+00
openmp,dynamic1,1536,1536,1536,6,0.222893,32.517,9.0596836276e+08,-1.000e+00
openmp,dynamic1,1536,1536,1536,7,0.190970,37.952,9.0596836276e+08,-1.000e+00
openmp,dynamic1,1536,1536,1536,8,0.169903,42.658,9.0596836276e+08,-1.000e+00
openmp,dynamic1,1536,1536,1536,9,0.151226,47.927,9.0596836276e+08,-1.000e+00
openmp,dynamic1,1536,1536,1536,10,0.136744,53.002,9.0596836276e+08,-1.000e+00
openmp,dynamic1,1536,1536,1536,11,0.123688,58.597,9.0596836276e+08,-1.000e+00
openmp,dynamic1,1536,1536,1536,12,0.113432,63.895,9.0596836276e+08,-1.000e+00
openmp,dynamic1,1536,1536,1536,13,0.105470,68.718,9.0596836276e+08,-1.000e+00
openmp,dynamic1,1536,1536,1536,14,0.098985,73.221,9.0596836276e+08,-1.000e+00
openmp,dynamic1,1536,1536,1536,15,0.092141,78.659,9.0596836276e+08,-1.000e+00
openmp,dynamic1,1536,1536,1536,16,0.087338,82.985,9.0596836276e+08,-1.000e+00
openmp,dynamic1,1536,1536,1536,17,0.085280,84.988,9.0596836276e+08,-1.000e+00
openmp,dynamic1,1536,1536,1536,18,0.078657,92.144,9.0596836276e+08,-1.000e+00
openmp,dynamic1,1536,1536,1536,19,0.075246,96.320,9.0596836276e+08,-1.000e+00
openmp,dynamic1,1536,1536,1536,20,0.073515,98.589,9.0596836276e+08,-1.000e+00
openmp,dynamic1,1536,1536,1536,21,0.069951,103.612,9.0596836276e+08,-1.000e+00
openmp,dynamic1,1536,1536,1536,22,0.066762,108.561,9.0596836276e+08,-1.000e+00
openmp,dynamic1,1536,1536,1536,23,0.064030,113.193,9.0596836276e+08,-1.000e+00
openmp,dynamic1,1536,1536,1536,24,0.061669,117.526,9.0596836276e+08,-1.000e+00
openmp,dynamic1,1536,1536,1536,25,0.060007,120.782,9.0596836276e+08,-1.000e+00
openmp,dynamic1,1536,1536,1536,26,0.058696,123.479,9.0596836276e+08,-1.000e+00
openmp,dynamic1,1536,1536,1536,27,0.056883,127.415,9.0596836276e+08,-1.000e+00
openmp,dynamic1,1536,1536,1536,28,0.055196,131.308,9.0596836276e+08,-1.000e+00
openmp,dynamic1,1536,1536,1536,29,0.054368,133.310,9.0596836276e+08,-1.000e+00
openmp,dynamic1,1536,1536,1536,30,0.053002,136.745,9.0596836276e+08,-1.000e+00
openmp,dynamic1,1536,1536,1536,31,0.058132,124.678,9.0596836276e+08,-1.000e+00
openmp,dynamic1,1536,1536,1536,32,0.052508,138.031,9.0596836276e+08,-1.000e+00
openmp,default,2048,2048,2048,1,3.369354,5.099,2.1474844570e+09,-1.000e+00
openmp,default,2048,2048,2048,2,1.693952,10.142,2.1474844570e+09,-1.000e+00
openmp,default,2048,2048,2048,3,1.102743,15.579,2.1474844570e+09,-1.000e+00
openmp,default,2048,2048,2048,4,0.856573,20.057,2.1474844570e+09,-1.000e+00
openmp,default,2048,2048,2048,5,0.652387,26.334,2.1474844570e+09,-1.000e+00
openmp,default,2048,2048,2048,6,0.553723,31.026,2.1474844570e+09,-1.000e+00
openmp,default,2048,2048,2048,7,0.466232,36.848,2.1474844570e+09,-1.000e+00
openmp,default,2048,2048,2048,8,0.426671,40.265,2.1474844570e+09,-1.000e+00
openmp,default,2048,2048,2048,9,0.362349,47.412,2.1474844570e+09,-1.000e+00
openmp,default,2048,2048,2048,10,0.337939,50.837,2.1474844570e+09,-1.000e+00
openmp,default,2048,2048,2048,11,0.307411,55.886,2.1474844570e+09,-1.000e+00
openmp,default,2048,2048,2048,12,0.279549,61.456,2.1474844570e+09,-1.000e+00
openmp,default,2048,2048,2048,13,0.258134,66.554,2.1474844570e+09,-1.000e+00
openmp,default,2048,2048,2048,14,0.246740,69.627,2.1474844570e+09,-1.000e+00
openmp,default,2048,2048,2048,15,0.259587,66.182,2.1474844570e+09,-1.000e+00
openmp,default,2048,2048,2048,16,0.216212,79.459,2.1474844570e+09,-1.000e+00
openmp,default,2048,2048,2048,17,0.207884,82.642,2.1474844570e+09,-1.000e+00
openmp,default,2048,2048,2048,18,0.214088,80.247,2.1474844570e+09,-1.000e+00
openmp,default,2048,2048,2048,19,0.211634,81.177,2.1474844570e+09,-1.000e+00
openmp,default,2048,2048,2048,20,0.212716,80.764,2.1474844570e+09,-1.000e+00
openmp,default,2048,2048,2048,21,0.208359,82.453,2.1474844570e+09,-1.000e+00
openmp,default,2048,2048,2048,22,0.165083,104.068,2.1474844570e+09,-1.000e+00
openmp,default,2048,2048,2048,23,0.228839,75.074,2.1474844570e+09,-1.000e+00
openmp,default,2048,2048,2048,24,0.165474,103.822,2.1474844570e+09,-1.000e+00
openmp,default,2048,2048,2048,25,0.161218,106.563,2.1474844570e+09,-1.000e+00
openmp,default,2048,2048,2048,26,0.213331,80.531,2.1474844570e+09,-1.000e+00
openmp,default,2048,2048,2048,27,0.180104,95.389,2.1474844570e+09,-1.000e+00
openmp,default,2048,2048,2048,28,0.162615,105.647,2.1474844570e+09,-1.000e+00
openmp,default,2048,2048,2048,29,0.156553,109.739,2.1474844570e+09,-1.000e+00
openmp,default,2048,2048,2048,30,0.164213,104.620,2.1474844570e+09,-1.000e+00
openmp,default,2048,2048,2048,31,0.190473,90.196,2.1474844570e+09,-1.000e+00
openmp,default,2048,2048,2048,32,0.188375,91.201,2.1474844570e+09,-1.000e+00
openmp,static1,2048,2048,2048,1,3.365358,5.105,2.1474844570e+09,-1.000e+00
openmp,static1,2048,2048,2048,2,1.747311,9.832,2.1474844570e+09,-1.000e+00
openmp,static1,2048,2048,2048,3,1.183199,14.520,2.1474844570e+09,-1.000e+00
openmp,static1,2048,2048,2048,4,0.889642,19.311,2.1474844570e+09,-1.000e+00
openmp,static1,2048,2048,2048,5,0.676023,25.413,2.1474844570e+09,-1.000e+00
openmp,static1,2048,2048,2048,6,0.538042,31.930,2.1474844570e+09,-1.000e+00
openmp,static1,2048,2048,2048,7,0.465207,36.929,2.1474844570e+09,-1.000e+00
openmp,static1,2048,2048,2048,8,0.414871,41.410,2.1474844570e+09,-1.000e+00
openmp,static1,2048,2048,2048,9,0.359817,47.746,2.1474844570e+09,-1.000e+00
openmp,static1,2048,2048,2048,10,0.326621,52.599,2.1474844570e+09,-1.000e+00
openmp,static1,2048,2048,2048,11,0.298196,57.613,2.1474844570e+09,-1.000e+00
openmp,static1,2048,2048,2048,12,0.279598,61.445,2.1474844570e+09,-1.000e+00
openmp,static1,2048,2048,2048,13,0.255959,67.120,2.1474844570e+09,-1.000e+00
openmp,static1,2048,2048,2048,14,0.261335,65.739,2.1474844570e+09,-1.000e+00
openmp,static1,2048,2048,2048,15,0.228275,75.259,2.1474844570e+09,-1.000e+00
openmp,static1,2048,2048,2048,16,0.315952,54.375,2.1474844570e+09,-1.000e+00
openmp,static1,2048,2048,2048,17,0.265997,64.587,2.1474844570e+09,-1.000e+00
openmp,static1,2048,2048,2048,18,0.242219,70.927,2.1474844570e+09,-1.000e+00
openmp,static1,2048,2048,2048,19,0.254142,67.600,2.1474844570e+09,-1.000e+00
openmp,static1,2048,2048,2048,20,0.287853,59.683,2.1474844570e+09,-1.000e+00
openmp,static1,2048,2048,2048,21,0.191464,89.729,2.1474844570e+09,-1.000e+00
openmp,static1,2048,2048,2048,22,0.223105,77.003,2.1474844570e+09,-1.000e+00
openmp,static1,2048,2048,2048,23,0.207340,82.859,2.1474844570e+09,-1.000e+00
openmp,static1,2048,2048,2048,24,0.155687,110.349,2.1474844570e+09,-1.000e+00
openmp,static1,2048,2048,2048,25,0.199932,85.929,2.1474844570e+09,-1.000e+00
openmp,static1,2048,2048,2048,26,0.174460,98.474,2.1474844570e+09,-1.000e+00
openmp,static1,2048,2048,2048,27,0.165694,103.685,2.1474844570e+09,-1.000e+00
openmp,static1,2048,2048,2048,28,0.138149,124.358,2.1474844570e+09,-1.000e+00
openmp,static1,2048,2048,2048,29,0.154871,110.930,2.1474844570e+09,-1.000e+00
openmp,static1,2048,2048,2048,30,0.175375,97.961,2.1474844570e+09,-1.000e+00
openmp,static1,2048,2048,2048,31,0.184322,93.206,2.1474844570e+09,-1.000e+00
openmp,static1,2048,2048,2048,32,0.181117,94.855,2.1474844570e+09,-1.000e+00
openmp,dynamic1,2048,2048,2048,1,3.129368,5.490,2.1474844570e+09,-1.000e+00
openmp,dynamic1,2048,2048,2048,2,1.586447,10.829,2.1474844570e+09,-1.000e+00
openmp,dynamic1,2048,2048,2048,3,1.043151,16.469,2.1474844570e+09,-1.000e+00
openmp,dynamic1,2048,2048,2048,4,0.796397,21.572,2.1474844570e+09,-1.000e+00
openmp,dynamic1,2048,2048,2048,5,0.654951,26.231,2.1474844570e+09,-1.000e+00
openmp,dynamic1,2048,2048,2048,6,0.562819,30.525,2.1474844570e+09,-1.000e+00
openmp,dynamic1,2048,2048,2048,7,0.470525,36.512,2.1474844570e+09,-1.000e+00
openmp,dynamic1,2048,2048,2048,8,0.400786,42.865,2.1474844570e+09,-1.000e+00
openmp,dynamic1,2048,2048,2048,9,0.359056,47.847,2.1474844570e+09,-1.000e+00
openmp,dynamic1,2048,2048,2048,10,0.321858,53.377,2.1474844570e+09,-1.000e+00
openmp,dynamic1,2048,2048,2048,11,0.292757,58.683,2.1474844570e+09,-1.000e+00
openmp,dynamic1,2048,2048,2048,12,0.270631,63.481,2.1474844570e+09,-1.000e+00
openmp,dynamic1,2048,2048,2048,13,0.256362,67.014,2.1474844570e+09,-1.000e+00
openmp,dynamic1,2048,2048,2048,14,0.237509,72.334,2.1474844570e+09,-1.000e+00
openmp,dynamic1,2048,2048,2048,15,0.220296,77.985,2.1474844570e+09,-1.000e+00
openmp,dynamic1,2048,2048,2048,16,0.207331,82.862,2.1474844570e+09,-1.000e+00
openmp,dynamic1,2048,2048,2048,17,0.209741,81.910,2.1474844570e+09,-1.000e+00
openmp,dynamic1,2048,2048,2048,18,0.202504,84.837,2.1474844570e+09,-1.000e+00
openmp,dynamic1,2048,2048,2048,19,0.180223,95.326,2.1474844570e+09,-1.000e+00
openmp,dynamic1,2048,2048,2048,20,0.173535,98.999,2.1474844570e+09,-1.000e+00
openmp,dynamic1,2048,2048,2048,21,0.167091,102.818,2.1474844570e+09,-1.000e+00
openmp,dynamic1,2048,2048,2048,22,0.161621,106.297,2.1474844570e+09,-1.000e+00
openmp,dynamic1,2048,2048,2048,23,0.162309,105.846,2.1474844570e+09,-1.000e+00
openmp,dynamic1,2048,2048,2048,24,0.159871,107.461,2.1474844570e+09,-1.000e+00
openmp,dynamic1,2048,2048,2048,25,0.154012,111.549,2.1474844570e+09,-1.000e+00
openmp,dynamic1,2048,2048,2048,26,0.152744,112.475,2.1474844570e+09,-1.000e+00
openmp,dynamic1,2048,2048,2048,27,0.142173,120.838,2.1474844570e+09,-1.000e+00
openmp,dynamic1,2048,2048,2048,28,0.138572,123.978,2.1474844570e+09,-1.000e+00
openmp,dynamic1,2048,2048,2048,29,0.132125,130.027,2.1474844570e+09,-1.000e+00
openmp,dynamic1,2048,2048,2048,30,0.143592,119.644,2.1474844570e+09,-1.000e+00
openmp,dynamic1,2048,2048,2048,31,0.130805,131.339,2.1474844570e+09,-1.000e+00
openmp,dynamic1,2048,2048,2048,32,0.134792,127.454,2.1474844570e+09,-1.000e+00
pthread,static-block,512,512,512,1,0.046268,5.802,3.3554434859e+07,-1.000e+00
pthread,static-block,512,512,512,2,0.023711,11.321,3.3554434859e+07,-1.000e+00
pthread,static-block,512,512,512,3,0.015389,17.443,3.3554434859e+07,-1.000e+00
pthread,static-block,512,512,512,4,0.011493,23.356,3.3554434859e+07,-1.000e+00
pthread,static-block,512,512,512,5,0.009479,28.319,3.3554434859e+07,-1.000e+00
pthread,static-block,512,512,512,6,0.008085,33.201,3.3554434859e+07,-1.000e+00
pthread,static-block,512,512,512,7,0.006816,39.380,3.3554434859e+07,-1.000e+00
pthread,static-block,512,512,512,8,0.006045,44.408,3.3554434859e+07,-1.000e+00
pthread,static-block,512,512,512,9,0.005434,49.403,3.3554434859e+07,-1.000e+00
pthread,static-block,512,512,512,10,0.004760,56.394,3.3554434859e+07,-1.000e+00
pthread,static-block,512,512,512,11,0.004469,60.071,3.3554434859e+07,-1.000e+00
pthread,static-block,512,512,512,12,0.004169,64.395,3.3554434859e+07,-1.000e+00
pthread,static-block,512,512,512,13,0.004189,64.082,3.3554434859e+07,-1.000e+00
pthread,static-block,512,512,512,14,0.003528,76.089,3.3554434859e+07,-1.000e+00
pthread,static-block,512,512,512,15,0.003344,80.275,3.3554434859e+07,-1.000e+00
pthread,static-block,512,512,512,16,0.003146,85.321,3.3554434859e+07,-1.000e+00
pthread,static-block,512,512,512,17,0.003188,84.205,3.3554434859e+07,-1.000e+00
pthread,static-block,512,512,512,18,0.003332,80.561,3.3554434859e+07,-1.000e+00
pthread,static-block,512,512,512,19,0.003284,81.730,3.3554434859e+07,-1.000e+00
pthread,static-block,512,512,512,20,0.003092,86.805,3.3554434859e+07,-1.000e+00
pthread,static-block,512,512,512,21,0.002954,90.880,3.3554434859e+07,-1.000e+00
pthread,static-block,512,512,512,22,0.002594,103.476,3.3554434859e+07,-1.000e+00
pthread,static-block,512,512,512,23,0.002764,97.130,3.3554434859e+07,-1.000e+00
pthread,static-block,512,512,512,24,0.002499,107.405,3.3554434859e+07,-1.000e+00
pthread,static-block,512,512,512,25,0.002556,105.009,3.3554434859e+07,-1.000e+00
pthread,static-block,512,512,512,26,0.002458,109.224,3.3554434859e+07,-1.000e+00
pthread,static-block,512,512,512,27,0.002444,109.812,3.3554434859e+07,-1.000e+00
pthread,static-block,512,512,512,28,0.003725,72.057,3.3554434859e+07,-1.000e+00
pthread,static-block,512,512,512,29,0.002325,115.448,3.3554434859e+07,-1.000e+00
pthread,static-block,512,512,512,30,0.002538,105.776,3.3554434859e+07,-1.000e+00
pthread,static-block,512,512,512,31,0.002328,115.299,3.3554434859e+07,-1.000e+00
pthread,static-block,512,512,512,32,0.003337,80.447,3.3554434859e+07,-1.000e+00
pthread,static-block,1024,1024,1024,1,0.373559,5.749,2.6843577513e+08,-1.000e+00
pthread,static-block,1024,1024,1024,2,0.190836,11.253,2.6843577513e+08,-1.000e+00
pthread,static-block,1024,1024,1024,3,0.127275,16.873,2.6843577513e+08,-1.000e+00
pthread,static-block,1024,1024,1024,4,0.096114,22.343,2.6843577513e+08,-1.000e+00
pthread,static-block,1024,1024,1024,5,0.077653,27.655,2.6843577513e+08,-1.000e+00
pthread,static-block,1024,1024,1024,6,0.065816,32.628,2.6843577513e+08,-1.000e+00
pthread,static-block,1024,1024,1024,7,0.055995,38.351,2.6843577513e+08,-1.000e+00
pthread,static-block,1024,1024,1024,8,0.049753,43.163,2.6843577513e+08,-1.000e+00
pthread,static-block,1024,1024,1024,9,0.044049,48.752,2.6843577513e+08,-1.000e+00
pthread,static-block,1024,1024,1024,10,0.039198,54.786,2.6843577513e+08,-1.000e+00
pthread,static-block,1024,1024,1024,11,0.035629,60.273,2.6843577513e+08,-1.000e+00
pthread,static-block,1024,1024,1024,12,0.032817,65.438,2.6843577513e+08,-1.000e+00
pthread,static-block,1024,1024,1024,13,0.030301,70.872,2.6843577513e+08,-1.000e+00
pthread,static-block,1024,1024,1024,14,0.029052,73.919,2.6843577513e+08,-1.000e+00
pthread,static-block,1024,1024,1024,15,0.026604,80.720,2.6843577513e+08,-1.000e+00
pthread,static-block,1024,1024,1024,16,0.025047,85.737,2.6843577513e+08,-1.000e+00
pthread,static-block,1024,1024,1024,17,0.024699,86.948,2.6843577513e+08,-1.000e+00
pthread,static-block,1024,1024,1024,18,0.023724,90.518,2.6843577513e+08,-1.000e+00
pthread,static-block,1024,1024,1024,19,0.022607,94.991,2.6843577513e+08,-1.000e+00
pthread,static-block,1024,1024,1024,20,0.022344,96.110,2.6843577513e+08,-1.000e+00
pthread,static-block,1024,1024,1024,21,0.021380,100.445,2.6843577513e+08,-1.000e+00
pthread,static-block,1024,1024,1024,22,0.020185,106.387,2.6843577513e+08,-1.000e+00
pthread,static-block,1024,1024,1024,23,0.019244,111.593,2.6843577513e+08,-1.000e+00
pthread,static-block,1024,1024,1024,24,0.019951,107.637,2.6843577513e+08,-1.000e+00
pthread,static-block,1024,1024,1024,25,0.020152,106.562,2.6843577513e+08,-1.000e+00
pthread,static-block,1024,1024,1024,26,0.017689,121.403,2.6843577513e+08,-1.000e+00
pthread,static-block,1024,1024,1024,27,0.019269,111.447,2.6843577513e+08,-1.000e+00
pthread,static-block,1024,1024,1024,28,0.019180,111.967,2.6843577513e+08,-1.000e+00
pthread,static-block,1024,1024,1024,29,0.018843,113.970,2.6843577513e+08,-1.000e+00
pthread,static-block,1024,1024,1024,30,0.019045,112.758,2.6843577513e+08,-1.000e+00
pthread,static-block,1024,1024,1024,31,0.019019,112.913,2.6843577513e+08,-1.000e+00
pthread,static-block,1024,1024,1024,32,0.020471,104.905,2.6843577513e+08,-1.000e+00
pthread,static-block,1536,1536,1536,1,1.309636,5.534,9.0596836276e+08,-1.000e+00
pthread,static-block,1536,1536,1536,2,0.656817,11.035,9.0596836276e+08,-1.000e+00
pthread,static-block,1536,1536,1536,3,0.438568,16.526,9.0596836276e+08,-1.000e+00
pthread,static-block,1536,1536,1536,4,0.328982,22.031,9.0596836276e+08,-1.000e+00
pthread,static-block,1536,1536,1536,5,0.264453,27.407,9.0596836276e+08,-1.000e+00
pthread,static-block,1536,1536,1536,6,0.222883,32.518,9.0596836276e+08,-1.000e+00
pthread,static-block,1536,1536,1536,7,0.193620,37.433,9.0596836276e+08,-1.000e+00
pthread,static-block,1536,1536,1536,8,0.171345,42.299,9.0596836276e+08,-1.000e+00
pthread,static-block,1536,1536,1536,9,0.151789,47.749,9.0596836276e+08,-1.000e+00
pthread,static-block,1536,1536,1536,10,0.134431,53.914,9.0596836276e+08,-1.000e+00
pthread,static-block,1536,1536,1536,11,0.124735,58.105,9.0596836276e+08,-1.000e+00
pthread,static-block,1536,1536,1536,12,0.113229,64.010,9.0596836276e+08,-1.000e+00
pthread,static-block,1536,1536,1536,13,0.105345,68.800,9.0596836276e+08,-1.000e+00
pthread,static-block,1536,1536,1536,14,0.098276,73.749,9.0596836276e+08,-1.000e+00
pthread,static-block,1536,1536,1536,15,0.092016,78.766,9.0596836276e+08,-1.000e+00
pthread,static-block,1536,1536,1536,16,0.091250,79.428,9.0596836276e+08,-1.000e+00
pthread,static-block,1536,1536,1536,17,0.086149,84.131,9.0596836276e+08,-1.000e+00
pthread,static-block,1536,1536,1536,18,0.089569,80.918,9.0596836276e+08,-1.000e+00
pthread,static-block,1536,1536,1536,19,0.078067,92.841,9.0596836276e+08,-1.000e+00
pthread,static-block,1536,1536,1536,20,0.074483,97.307,9.0596836276e+08,-1.000e+00
pthread,static-block,1536,1536,1536,21,0.079395,91.288,9.0596836276e+08,-1.000e+00
pthread,static-block,1536,1536,1536,22,0.068455,105.876,9.0596836276e+08,-1.000e+00
pthread,static-block,1536,1536,1536,23,0.071801,100.943,9.0596836276e+08,-1.000e+00
pthread,static-block,1536,1536,1536,24,0.071069,101.981,9.0596836276e+08,-1.000e+00
pthread,static-block,1536,1536,1536,25,0.068403,105.956,9.0596836276e+08,-1.000e+00
pthread,static-block,1536,1536,1536,26,0.066220,109.450,9.0596836276e+08,-1.000e+00
pthread,static-block,1536,1536,1536,27,0.065398,110.825,9.0596836276e+08,-1.000e+00
pthread,static-block,1536,1536,1536,28,0.065957,109.886,9.0596836276e+08,-1.000e+00
pthread,static-block,1536,1536,1536,29,0.065762,110.212,9.0596836276e+08,-1.000e+00
pthread,static-block,1536,1536,1536,30,0.067120,107.982,9.0596836276e+08,-1.000e+00
pthread,static-block,1536,1536,1536,31,0.066265,109.375,9.0596836276e+08,-1.000e+00
pthread,static-block,1536,1536,1536,32,0.070973,102.120,9.0596836276e+08,-1.000e+00
pthread,static-block,2048,2048,2048,1,3.207004,5.357,2.1474844570e+09,-1.000e+00
pthread,static-block,2048,2048,2048,2,1.627137,10.558,2.1474844570e+09,-1.000e+00
pthread,static-block,2048,2048,2048,3,1.085038,15.833,2.1474844570e+09,-1.000e+00
pthread,static-block,2048,2048,2048,4,0.794805,21.615,2.1474844570e+09,-1.000e+00
pthread,static-block,2048,2048,2048,5,0.638676,26.899,2.1474844570e+09,-1.000e+00
pthread,static-block,2048,2048,2048,6,0.541660,31.717,2.1474844570e+09,-1.000e+00
pthread,static-block,2048,2048,2048,7,0.481233,35.700,2.1474844570e+09,-1.000e+00
pthread,static-block,2048,2048,2048,8,0.462736,37.127,2.1474844570e+09,-1.000e+00
pthread,static-block,2048,2048,2048,9,0.391004,43.938,2.1474844570e+09,-1.000e+00
pthread,static-block,2048,2048,2048,10,0.323383,53.125,2.1474844570e+09,-1.000e+00
pthread,static-block,2048,2048,2048,11,0.309106,55.579,2.1474844570e+09,-1.000e+00
pthread,static-block,2048,2048,2048,12,0.312624,54.954,2.1474844570e+09,-1.000e+00
pthread,static-block,2048,2048,2048,13,0.290724,59.093,2.1474844570e+09,-1.000e+00
pthread,static-block,2048,2048,2048,14,0.268320,64.027,2.1474844570e+09,-1.000e+00
pthread,static-block,2048,2048,2048,15,0.250767,68.509,2.1474844570e+09,-1.000e+00
pthread,static-block,2048,2048,2048,16,0.315472,54.458,2.1474844570e+09,-1.000e+00
pthread,static-block,2048,2048,2048,17,0.205419,83.634,2.1474844570e+09,-1.000e+00
pthread,static-block,2048,2048,2048,18,0.213267,80.556,2.1474844570e+09,-1.000e+00
pthread,static-block,2048,2048,2048,19,0.184760,92.985,2.1474844570e+09,-1.000e+00
pthread,static-block,2048,2048,2048,20,0.212306,80.920,2.1474844570e+09,-1.000e+00
pthread,static-block,2048,2048,2048,21,0.193815,88.640,2.1474844570e+09,-1.000e+00
pthread,static-block,2048,2048,2048,22,0.166581,103.132,2.1474844570e+09,-1.000e+00
pthread,static-block,2048,2048,2048,23,0.193653,88.715,2.1474844570e+09,-1.000e+00
pthread,static-block,2048,2048,2048,24,0.217092,79.136,2.1474844570e+09,-1.000e+00
pthread,static-block,2048,2048,2048,25,0.177852,96.596,2.1474844570e+09,-1.000e+00
pthread,static-block,2048,2048,2048,26,0.146367,117.375,2.1474844570e+09,-1.000e+00
pthread,static-block,2048,2048,2048,27,0.176135,97.538,2.1474844570e+09,-1.000e+00
pthread,static-block,2048,2048,2048,28,0.163222,105.255,2.1474844570e+09,-1.000e+00
pthread,static-block,2048,2048,2048,29,0.179595,95.659,2.1474844570e+09,-1.000e+00
pthread,static-block,2048,2048,2048,30,0.168683,101.847,2.1474844570e+09,-1.000e+00
pthread,static-block,2048,2048,2048,31,0.180157,95.360,2.1474844570e+09,-1.000e+00
pthread,static-block,2048,2048,2048,32,0.174023,98.722,2.1474844570e+09,-1.000e+00
