method,input_size,input_channels,kernel,out_channels,stride,padding,out_h,out_w,warmup,iterations,mean_ms,std_ms,min_ms,gflops,workspace_mb,im2col_ms,gemm_ms,max_abs_error,checksum,sample0,sample1,sample2,sample3,algorithm,gpu
direct_cuda,256,3,3,1,1,1,256,256,8,80,0.003818,0.000789,0.003104,926.910436,0.000000,0.000000,0.000000,0.000000,9.238995,-0.067996,-0.058663,0.085334,-0.424551,-,NVIDIA GeForce RTX 5090
im2col_cublas,256,3,3,1,1,1,256,256,8,80,0.022506,0.001042,0.021824,157.244469,6.750000,0.007890,0.006601,0.000000,9.238989,-0.067996,-0.058663,0.085334,-0.424551,-,NVIDIA GeForce RTX 5090
cudnn,256,3,3,1,1,1,256,256,8,80,0.012873,0.001229,0.011168,274.916414,0.000000,0.000000,0.000000,0.000000,9.238995,-0.067996,-0.058663,0.085334,-0.424551,GEMM,NVIDIA GeForce RTX 5090
direct_cuda,256,3,3,1,2,1,128,128,8,80,0.003632,0.000684,0.003040,243.621547,0.000000,0.000000,0.000000,0.000000,2.301030,-0.067996,0.085334,0.230699,0.005768,-,NVIDIA GeForce RTX 5090
im2col_cublas,256,3,3,1,2,1,128,128,8,80,0.017494,0.001745,0.015392,50.573683,1.687500,0.004570,0.004831,0.000000,2.301032,-0.067996,0.085334,0.230699,0.005768,-,NVIDIA GeForce RTX 5090
cudnn,256,3,3,1,2,1,128,128,8,80,0.012752,0.000418,0.012320,69.380176,0.000000,0.000000,0.000000,0.000000,2.301030,-0.067996,0.085334,0.230699,0.005768,IMPLICIT_GEMM,NVIDIA GeForce RTX 5090
direct_cuda,256,3,3,1,3,1,86,86,8,80,0.003893,0.000769,0.003104,102.595562,0.000000,0.000000,0.000000,0.000000,5.768311,-0.067996,-0.424551,0.005768,0.008468,-,NVIDIA GeForce RTX 5090
im2col_cublas,256,3,3,1,3,1,86,86,8,80,0.020173,0.000837,0.018816,19.797751,0.761765,0.003576,0.008570,0.000000,5.768309,-0.067996,-0.424551,0.005768,0.008468,-,NVIDIA GeForce RTX 5090
cudnn,256,3,3,1,3,1,86,86,8,80,0.013752,0.001427,0.012608,29.041040,0.000000,0.000000,0.000000,0.000000,5.768311,-0.067996,-0.424551,0.005768,0.008468,IMPLICIT_GEMM,NVIDIA GeForce RTX 5090
direct_cuda,512,3,3,1,1,1,512,512,8,60,0.005685,0.000594,0.004864,2489.876183,0.000000,0.000000,0.000000,0.000000,-11.171459,0.030563,0.114044,-0.069671,-0.113191,-,NVIDIA GeForce RTX 5090
im2col_cublas,512,3,3,1,1,1,512,512,8,60,0.038636,0.000770,0.037376,366.385715,27.000000,0.020245,0.010358,0.000000,-11.171479,0.030563,0.114044,-0.069671,-0.113191,-,NVIDIA GeForce RTX 5090
cudnn,512,3,3,1,1,1,512,512,8,60,0.016855,0.000482,0.016384,839.859518,0.000000,0.000000,0.000000,0.000000,-11.171459,0.030563,0.114044,-0.069671,-0.113191,GEMM,NVIDIA GeForce RTX 5090
direct_cuda,512,3,3,1,2,1,256,256,8,60,0.004623,0.000905,0.003232,765.519158,0.000000,0.000000,0.000000,0.000000,-23.953353,0.030563,-0.069671,-0.116775,-0.054432,-,NVIDIA GeForce RTX 5090
im2col_cublas,512,3,3,1,2,1,256,256,8,60,0.022441,0.001007,0.020096,157.699455,6.750000,0.008002,0.006296,0.000000,-23.953355,0.030563,-0.069671,-0.116775,-0.054432,-,NVIDIA GeForce RTX 5090
cudnn,512,3,3,1,2,1,256,256,8,60,0.012918,0.001110,0.012256,273.957309,0.000000,0.000000,0.000000,0.000000,-23.953353,0.030563,-0.069671,-0.116775,-0.054432,GEMM,NVIDIA GeForce RTX 5090
direct_cuda,512,3,3,1,3,1,171,171,8,60,0.004026,0.000830,0.003168,392.191188,0.000000,0.000000,0.000000,0.000000,52.889676,0.030563,-0.113191,-0.054432,-0.005003,-,NVIDIA GeForce RTX 5090
im2col_cublas,512,3,3,1,3,1,171,171,8,60,0.018495,0.000698,0.016992,85.375491,3.011730,0.005724,0.004775,0.000000,52.889671,0.030563,-0.113191,-0.054432,-0.005003,-,NVIDIA GeForce RTX 5090
cudnn,512,3,3,1,3,1,171,171,8,60,0.013541,0.000884,0.012352,116.611575,0.000000,0.000000,0.000000,0.000000,52.889676,0.030563,-0.113191,-0.054432,-0.005003,GEMM,NVIDIA GeForce RTX 5090
direct_cuda,1024,3,3,1,1,1,1024,1024,8,35,0.012036,0.000832,0.011200,4704.612558,0.000000,0.000000,0.000000,0.000000,69.065388,0.083073,0.217271,-0.175348,0.063304,-,NVIDIA GeForce RTX 5090
im2col_cublas,1024,3,3,1,1,1,1024,1024,8,35,0.128607,0.001026,0.126592,440.279814,108.000000,0.077145,0.042842,0.000000,69.065362,0.083073,0.217271,-0.175348,0.063304,-,NVIDIA GeForce RTX 5090
cudnn,1024,3,3,1,1,1,1024,1024,8,35,0.035184,0.000475,0.033568,1609.363358,0.000000,0.000000,0.000000,0.000000,69.065388,0.083073,0.217271,-0.175348,0.063304,GEMM,NVIDIA GeForce RTX 5090
direct_cuda,1024,3,3,1,2,1,512,512,8,35,0.006999,0.000541,0.006048,2022.583938,0.000000,0.000000,0.000000,0.000000,1.932345,0.083073,-0.175348,0.013420,0.001283,-,NVIDIA GeForce RTX 5090
im2col_cublas,1024,3,3,1,2,1,512,512,8,35,0.038589,0.001237,0.036352,366.832045,27.000000,0.020483,0.010199,0.000000,1.932334,0.083073,-0.175348,0.013420,0.001283,-,NVIDIA GeForce RTX 5090
cudnn,1024,3,3,1,2,1,512,512,8,35,0.017019,0.000493,0.016480,831.742153,0.000000,0.000000,0.000000,0.000000,1.932345,0.083073,-0.175348,0.013420,0.001283,GEMM,NVIDIA GeForce RTX 5090
direct_cuda,1024,3,3,1,3,1,342,342,8,35,0.005036,0.000577,0.004096,1254.209555,0.000000,0.000000,0.000000,0.000000,6.321372,0.083073,0.063304,0.001283,-0.092172,-,NVIDIA GeForce RTX 5090
im2col_cublas,1024,3,3,1,3,1,342,342,8,35,0.026294,0.000486,0.025728,240.209542,12.046921,0.011904,0.006510,0.000000,6.321372,0.083073,0.063304,0.001283,-0.092172,-,NVIDIA GeForce RTX 5090
cudnn,1024,3,3,1,3,1,342,342,8,35,0.014200,0.000643,0.013376,444.799836,0.000000,0.000000,0.000000,0.000000,6.321372,0.083073,0.063304,0.001283,-0.092172,IMPLICIT_GEMM,NVIDIA GeForce RTX 5090
direct_cuda,2048,3,3,1,1,1,2048,2048,5,24,0.038856,0.002161,0.036928,5829.020473,0.000000,0.000000,0.000000,0.000000,28.655169,0.192287,-0.089163,0.049149,0.065891,-,NVIDIA GeForce RTX 5090
im2col_cublas,2048,3,3,1,1,1,2048,2048,5,24,0.844093,0.002522,0.839296,268.326272,432.000000,0.534377,0.300959,0.000000,28.655212,0.192287,-0.089163,0.049149,0.065891,-,NVIDIA GeForce RTX 5090
cudnn,2048,3,3,1,1,1,2048,2048,5,24,0.107073,0.000484,0.106368,2115.301792,0.000000,0.000000,0.000000,0.000000,28.655169,0.192287,-0.089163,0.049149,0.065891,IMPLICIT_GEMM,NVIDIA GeForce RTX 5090
direct_cuda,2048,3,3,1,2,1,1024,1024,5,24,0.015224,0.000550,0.014336,3719.331560,0.000000,0.000000,0.000000,0.000000,-225.593098,0.192287,0.049149,-0.094374,-0.034171,-,NVIDIA GeForce RTX 5090
im2col_cublas,2048,3,3,1,2,1,1024,1024,5,24,0.146867,0.001053,0.144256,385.540884,108.000000,0.087637,0.049448,0.000000,-225.593092,0.192287,0.049149,-0.094374,-0.034171,-,NVIDIA GeForce RTX 5090
cudnn,2048,3,3,1,2,1,1024,1024,5,24,0.035321,0.000402,0.034880,1603.085118,0.000000,0.000000,0.000000,0.000000,-225.593098,0.192287,0.049149,-0.094374,-0.034171,GEMM,NVIDIA GeForce RTX 5090
direct_cuda,2048,3,3,1,3,1,683,683,5,24,0.011129,0.000552,0.010368,2263.424541,0.000000,0.000000,0.000000,0.000000,-96.485800,0.192287,0.065891,-0.034171,0.212887,-,NVIDIA GeForce RTX 5090
im2col_cublas,2048,3,3,1,3,1,683,683,5,24,0.062993,0.001406,0.060736,399.890024,48.046886,0.038705,0.016259,0.000000,-96.485793,0.192287,0.065891,-0.034171,0.212887,-,NVIDIA GeForce RTX 5090
cudnn,2048,3,3,1,3,1,683,683,5,24,0.022432,0.000564,0.020896,1122.967454,0.000000,0.000000,0.000000,0.000000,-96.485800,0.192287,0.065891,-0.034171,0.212887,GEMM,NVIDIA GeForce RTX 5090
direct_cuda,4096,3,3,1,1,1,4096,4096,3,12,0.203579,0.001371,0.201472,4450.219085,0.000000,0.000000,0.000000,0.000000,200.975287,-0.015957,-0.082772,0.059791,-0.096415,-,NVIDIA GeForce RTX 5090
im2col_cublas,4096,3,3,1,1,1,4096,4096,3,12,2.770531,0.025840,2.728032,327.002215,1728.000000,1.591477,1.169376,0.000000,200.975269,-0.015957,-0.082772,0.059791,-0.096415,-,NVIDIA GeForce RTX 5090
cudnn,4096,3,3,1,1,1,4096,4096,3,12,0.505808,0.000721,0.503712,1791.133501,0.000000,0.000000,0.000000,0.000000,200.975287,-0.015957,-0.082772,0.059791,-0.096415,GEMM,NVIDIA GeForce RTX 5090
direct_cuda,4096,3,3,1,2,1,2048,2048,3,12,0.130061,0.000606,0.129152,1741.427790,0.000000,0.000000,0.000000,0.000000,-89.997782,-0.015957,0.059791,0.253736,0.020813,-,NVIDIA GeForce RTX 5090
im2col_cublas,4096,3,3,1,2,1,2048,2048,3,12,1.086987,0.001797,1.083968,208.367243,432.000000,0.774485,0.303688,0.000000,-89.997793,-0.015957,0.059791,0.253736,0.020813,-,NVIDIA GeForce RTX 5090
cudnn,4096,3,3,1,2,1,2048,2048,3,12,0.155715,0.000424,0.154656,1454.534924,0.000000,0.000000,0.000000,0.000000,-89.997782,-0.015957,0.059791,0.253736,0.020813,GEMM,NVIDIA GeForce RTX 5090
direct_cuda,4096,3,3,1,3,1,1366,1366,3,12,0.128117,0.000679,0.127104,786.479243,0.000000,0.000000,0.000000,0.000000,172.371926,-0.015957,-0.096415,0.020813,0.025312,-,NVIDIA GeForce RTX 5090
im2col_cublas,4096,3,3,1,3,1,1366,1366,3,12,0.463691,0.002476,0.461280,217.303542,192.187546,0.328163,0.126765,0.000000,172.371942,-0.015957,-0.096415,0.020813,0.025312,-,NVIDIA GeForce RTX 5090
cudnn,4096,3,3,1,3,1,1366,1366,3,12,0.135723,0.000772,0.134976,742.408236,0.000000,0.000000,0.000000,0.000000,172.371926,-0.015957,-0.096415,0.020813,0.025312,GEMM,NVIDIA GeForce RTX 5090
direct_cuda,256,3,3,16,1,1,256,256,8,80,0.011853,0.000683,0.010752,4777.192207,0.000000,0.000000,0.000000,0.000000,279.769374,-0.135109,-0.010073,-0.037619,0.260087,-,NVIDIA GeForce RTX 5090
im2col_cublas,256,3,3,16,1,1,256,256,8,80,0.028738,0.001151,0.027360,1970.294251,6.750000,0.007968,0.012733,0.000294,279.778570,-0.135079,-0.010006,-0.037570,0.260066,-,NVIDIA GeForce RTX 5090
cudnn,256,3,3,16,1,1,256,256,8,80,0.018964,0.001936,0.017888,2985.757757,0.000000,0.000000,0.000000,0.000000,279.769374,-0.135109,-0.010073,-0.037619,0.260087,IMPLICIT_GEMM,NVIDIA GeForce RTX 5090
direct_cuda,256,3,3,16,2,1,128,128,8,80,0.006662,0.000885,0.005216,2124.853787,0.000000,0.000000,0.000000,0.000000,-19.413115,-0.135109,-0.037619,-0.176186,-0.163357,-,NVIDIA GeForce RTX 5090
im2col_cublas,256,3,3,16,2,1,128,128,8,80,0.019100,0.001339,0.017696,741.155626,1.687500,0.004466,0.006561,0.000288,-19.460269,-0.135079,-0.037570,-0.176183,-0.163408,-,NVIDIA GeForce RTX 5090
cudnn,256,3,3,16,2,1,128,128,8,80,0.013827,0.001359,0.011872,1023.792634,0.000000,0.000000,0.000000,0.000000,-19.413115,-0.135109,-0.037619,-0.176186,-0.163357,IMPLICIT_GEMM,NVIDIA GeForce RTX 5090
direct_cuda,256,3,3,16,3,1,86,86,8,80,0.005131,0.000412,0.004224,1245.447882,0.000000,0.000000,0.000000,0.000000,104.100550,-0.135109,0.260087,-0.163357,0.272784,-,NVIDIA GeForce RTX 5090
im2col_cublas,256,3,3,16,3,1,86,86,8,80,0.018485,0.001222,0.017376,345.697224,0.761765,0.003767,0.006596,0.000000,104.100545,-0.135109,0.260087,-0.163357,0.272784,-,NVIDIA GeForce RTX 5090
cudnn,256,3,3,16,3,1,86,86,8,80,0.013021,0.002392,0.012288,490.749243,0.000000,0.000000,0.000000,0.000000,104.100550,-0.135109,0.260087,-0.163357,0.272784,IMPLICIT_GEMM,NVIDIA GeForce RTX 5090
direct_cuda,512,3,3,16,1,1,512,512,8,60,0.038135,0.000623,0.036800,5939.154213,0.000000,0.000000,0.000000,0.000000,186.580071,-0.028331,0.076204,0.230091,0.042072,-,NVIDIA GeForce RTX 5090
im2col_cublas,512,3,3,16,1,1,512,512,8,60,0.074505,0.001921,0.073024,3039.959925,27.000000,0.020547,0.045696,0.000296,186.673372,-0.028340,0.076206,0.230074,0.042082,-,NVIDIA GeForce RTX 5090
cudnn,512,3,3,16,1,1,512,512,8,60,0.035504,0.000827,0.034752,6379.349321,0.000000,0.000000,0.000000,0.000000,186.580071,-0.028331,0.076204,0.230091,0.042072,IMPLICIT_GEMM,NVIDIA GeForce RTX 5090
direct_cuda,512,3,3,16,2,1,256,256,8,60,0.014738,0.000802,0.013440,3841.945422,0.000000,0.000000,0.000000,0.000000,46.140764,-0.028331,0.230091,0.113266,-0.018173,-,NVIDIA GeForce RTX 5090
im2col_cublas,512,3,3,16,2,1,256,256,8,60,0.028529,0.000614,0.027136,1984.751372,6.750000,0.007824,0.012730,0.000285,46.220123,-0.028340,0.230074,0.113286,-0.018133,-,NVIDIA GeForce RTX 5090
cudnn,512,3,3,16,2,1,256,256,8,60,0.018822,0.000348,0.018400,3008.368156,0.000000,0.000000,0.000000,0.000000,46.140764,-0.028331,0.230091,0.113266,-0.018173,IMPLICIT_GEMM,NVIDIA GeForce RTX 5090
direct_cuda,512,3,3,16,3,1,171,171,8,60,0.010989,0.001189,0.009408,2298.976951,0.000000,0.000000,0.000000,0.000000,225.901081,-0.028331,0.042072,-0.018173,-0.066021,-,NVIDIA GeForce RTX 5090
im2col_cublas,512,3,3,16,3,1,171,171,8,60,0.022423,0.000999,0.020992,1126.686812,3.011730,0.005695,0.008734,0.000284,225.888795,-0.028340,0.042082,-0.018133,-0.066037,-,NVIDIA GeForce RTX 5090
cudnn,512,3,3,16,3,1,171,171,8,60,0.014793,0.000954,0.014208,1707.842225,0.000000,0.000000,0.000000,0.000000,225.901081,-0.028331,0.042072,-0.018173,-0.066021,IMPLICIT_GEMM,NVIDIA GeForce RTX 5090
direct_cuda,1024,3,3,16,1,1,1024,1024,8,35,0.149853,0.001028,0.147776,6045.712209,0.000000,0.000000,0.000000,0.000000,856.287253,0.180195,-0.108260,-0.005533,-0.107989,-,NVIDIA GeForce RTX 5090
im2col_cublas,1024,3,3,16,1,1,1024,1024,8,35,0.251664,0.001757,0.248992,3599.924141,108.000000,0.076913,0.166115,0.000317,856.408500,0.180238,-0.108289,-0.005504,-0.107975,-,NVIDIA GeForce RTX 5090
cudnn,1024,3,3,16,1,1,1024,1024,8,35,0.104394,0.001796,0.102304,8678.364419,0.000000,0.000000,0.000000,0.000000,856.287253,0.180195,-0.108260,-0.005533,-0.107989,IMPLICIT_GEMM,NVIDIA GeForce RTX 5090
direct_cuda,1024,3,3,16,2,1,512,512,8,35,0.047568,0.001139,0.046016,4761.490786,0.000000,0.000000,0.000000,0.000000,725.126727,0.180195,-0.005533,-0.070462,-0.022373,-,NVIDIA GeForce RTX 5090
im2col_cublas,1024,3,3,16,2,1,512,512,8,35,0.074510,0.001519,0.073056,3039.770299,27.000000,0.021058,0.045520,0.000305,725.345953,0.180238,-0.005504,-0.070439,-0.022374,-,NVIDIA GeForce RTX 5090
cudnn,1024,3,3,16,2,1,512,512,8,35,0.035905,0.001033,0.034976,6308.117485,0.000000,0.000000,0.000000,0.000000,725.126727,0.180195,-0.005533,-0.070462,-0.022373,IMPLICIT_GEMM,NVIDIA GeForce RTX 5090
direct_cuda,1024,3,3,16,3,1,342,342,8,35,0.031829,0.000761,0.030688,3174.991494,0.000000,0.000000,0.000000,0.000000,223.751467,0.180195,-0.107989,-0.022373,0.147384,-,NVIDIA GeForce RTX 5090
im2col_cublas,1024,3,3,16,3,1,342,342,8,35,0.036637,0.000793,0.035360,2758.309543,12.046921,0.011793,0.016995,0.000295,223.726426,0.180238,-0.107975,-0.022374,0.147355,-,NVIDIA GeForce RTX 5090
cudnn,1024,3,3,16,3,1,342,342,8,35,0.024828,0.000334,0.023776,4070.223151,0.000000,0.000000,0.000000,0.000000,223.751467,0.180195,-0.107989,-0.022373,0.147384,IMPLICIT_GEMM,NVIDIA GeForce RTX 5090
direct_cuda,2048,3,3,16,1,1,2048,2048,5,24,0.523687,0.000889,0.522528,6919.936829,0.000000,0.000000,0.000000,0.000000,-831.125407,0.133052,0.156324,0.201357,-0.221265,-,NVIDIA GeForce RTX 5090
im2col_cublas,2048,3,3,16,1,1,2048,2048,5,24,1.210332,0.002979,1.200416,2994.119545,432.000000,0.550293,0.651287,0.000365,-831.175397,0.133020,0.156352,0.201432,-0.221260,-,NVIDIA GeForce RTX 5090
cudnn,2048,3,3,16,1,1,2048,2048,5,24,0.388544,0.001914,0.385856,9326.816623,0.000000,0.000000,0.000000,0.000000,-831.125407,0.133052,0.156324,0.201357,-0.221265,IMPLICIT_PRECOMP_GEMM,NVIDIA GeForce RTX 5090
direct_cuda,2048,3,3,16,2,1,1024,1024,5,24,0.186076,0.001001,0.185024,4868.815244,0.000000,0.000000,0.000000,0.000000,-392.488495,0.133052,0.201357,-0.251417,-0.010594,-,NVIDIA GeForce RTX 5090
im2col_cublas,2048,3,3,16,2,1,1024,1024,5,24,0.264313,0.000854,0.262560,3427.635112,108.000000,0.088056,0.166644,0.000321,-392.468241,0.133020,0.201432,-0.251423,-0.010621,-,NVIDIA GeForce RTX 5090
cudnn,2048,3,3,16,2,1,1024,1024,5,24,0.106639,0.001766,0.104352,8495.695828,0.000000,0.000000,0.000000,0.000000,-392.488495,0.133052,0.201357,-0.251417,-0.010594,IMPLICIT_GEMM,NVIDIA GeForce RTX 5090
direct_cuda,2048,3,3,16,3,1,683,683,5,24,0.113915,0.001174,0.111744,3538.143975,0.000000,0.000000,0.000000,0.000000,35.920524,0.133052,-0.221265,-0.010594,0.138603,-,NVIDIA GeForce RTX 5090
im2col_cublas,2048,3,3,16,3,1,683,683,5,24,0.139111,0.000917,0.137472,2897.308329,48.046886,0.056471,0.073233,0.000347,35.971848,0.133020,-0.221260,-0.010621,0.138528,-,NVIDIA GeForce RTX 5090
cudnn,2048,3,3,16,3,1,683,683,5,24,0.061537,0.001267,0.059584,6549.625624,0.000000,0.000000,0.000000,0.000000,35.920524,0.133052,-0.221265,-0.010594,0.138603,IMPLICIT_GEMM,NVIDIA GeForce RTX 5090
direct_cuda,4096,3,3,16,1,1,4096,4096,3,12,1.973555,0.006063,1.970656,7344.876183,0.000000,0.000000,0.000000,0.000000,1700.711512,-0.008395,0.022182,-0.016145,0.138888,-,NVIDIA GeForce RTX 5090
im2col_cublas,4096,3,3,16,1,1,4096,4096,3,12,4.206888,0.003917,4.200832,3445.662120,1728.000000,1.605944,2.592072,0.000358,1699.732833,-0.008435,0.022215,-0.016165,0.138887,-,NVIDIA GeForce RTX 5090
cudnn,4096,3,3,16,1,1,4096,4096,3,12,1.511469,0.005010,1.504352,9590.346552,0.000000,0.000000,0.000000,0.000000,1700.711512,-0.008395,0.022182,-0.016145,0.138888,IMPLICIT_PRECOMP_GEMM,NVIDIA GeForce RTX 5090
direct_cuda,4096,3,3,16,2,1,2048,2048,3,12,1.153821,0.001482,1.151424,3140.762353,0.000000,0.000000,0.000000,0.000000,456.057398,-0.008395,-0.016145,-0.086661,0.021561,-,NVIDIA GeForce RTX 5090
im2col_cublas,4096,3,3,16,2,1,2048,2048,3,12,1.453741,0.001789,1.450656,2492.794678,432.000000,0.794091,0.650843,0.000358,456.027793,-0.008435,-0.016165,-0.086692,0.021592,-,NVIDIA GeForce RTX 5090
cudnn,4096,3,3,16,2,1,2048,2048,3,12,0.393741,0.001427,0.391200,9203.703901,0.000000,0.000000,0.000000,0.000000,456.057398,-0.008395,-0.016145,-0.086661,0.021561,IMPLICIT_PRECOMP_GEMM,NVIDIA GeForce RTX 5090
direct_cuda,4096,3,3,16,3,1,1366,1366,3,12,1.994747,0.005352,1.987296,808.215906,0.000000,0.000000,0.000000,0.000000,553.358424,-0.008395,0.138888,0.021561,0.137031,-,NVIDIA GeForce RTX 5090
im2col_cublas,4096,3,3,16,3,1,1366,1366,3,12,0.658888,0.002610,0.654848,2446.828600,192.187546,0.355549,0.294568,0.000358,553.339570,-0.008435,0.138887,0.021592,0.137018,-,NVIDIA GeForce RTX 5090
cudnn,4096,3,3,16,3,1,1366,1366,3,12,0.216797,0.001574,0.214784,7436.373601,0.000000,0.000000,0.000000,0.000000,553.358424,-0.008395,0.138888,0.021561,0.137031,IMPLICIT_GEMM,NVIDIA GeForce RTX 5090
direct_cuda,256,3,3,64,1,1,256,256,8,80,0.037190,0.001728,0.035776,6090.142970,0.000000,0.000000,0.000000,0.000000,328.665492,0.093059,0.065266,-0.216777,0.180619,-,NVIDIA GeForce RTX 5090
im2col_cublas,256,3,3,64,1,1,256,256,8,80,0.030578,0.000524,0.029376,7406.941368,6.750000,0.007808,0.014770,0.000316,328.778693,0.093036,0.065242,-0.216795,0.180482,-,NVIDIA GeForce RTX 5090
cudnn,256,3,3,64,1,1,256,256,8,80,0.033934,0.001244,0.032384,6674.419415,0.000000,0.000000,0.000000,0.000000,328.665492,0.093059,0.065266,-0.216777,0.180619,IMPLICIT_GEMM,NVIDIA GeForce RTX 5090
direct_cuda,256,3,3,64,2,1,128,128,8,80,0.013339,0.000340,0.012384,4244.992358,0.000000,0.000000,0.000000,0.000000,35.441725,0.093059,-0.216777,0.246616,-0.139305,-,NVIDIA GeForce RTX 5090
im2col_cublas,256,3,3,64,2,1,128,128,8,80,0.019290,0.001554,0.017792,2935.421376,1.687500,0.004586,0.006643,0.000293,35.495875,0.093036,-0.216795,0.246596,-0.139289,-,NVIDIA GeForce RTX 5090
cudnn,256,3,3,64,2,1,128,128,8,80,0.017256,0.001757,0.015808,3281.281404,0.000000,0.000000,0.000000,0.000000,35.441725,0.093059,-0.216777,0.246616,-0.139305,IMPLICIT_GEMM,NVIDIA GeForce RTX 5090
direct_cuda,256,3,3,64,3,1,86,86,8,80,0.010962,0.000661,0.009408,2331.658768,0.000000,0.000000,0.000000,0.000000,43.199514,0.093059,0.180619,-0.139305,0.115837,-,NVIDIA GeForce RTX 5090
im2col_cublas,256,3,3,64,3,1,86,86,8,80,0.018461,0.001907,0.016800,1384.586588,0.761765,0.003825,0.006642,0.000298,43.165316,0.093036,0.180482,-0.139289,0.115840,-,NVIDIA GeForce RTX 5090
cudnn,256,3,3,64,3,1,86,86,8,80,0.016645,0.000675,0.015488,1535.612452,0.000000,0.000000,0.000000,0.000000,43.199514,0.093059,0.180619,-0.139305,0.115837,IMPLICIT_PRECOMP_GEMM,NVIDIA GeForce RTX 5090
direct_cuda,512,3,3,64,1,1,512,512,8,60,0.148792,0.000997,0.148256,6088.833108,0.000000,0.000000,0.000000,0.000000,456.175651,0.042018,-0.286555,0.142715,0.179368,-,NVIDIA GeForce RTX 5090
im2col_cublas,512,3,3,64,1,1,512,512,8,60,0.085297,0.000856,0.084256,10621.345880,27.000000,0.021534,0.055796,0.000319,455.775184,0.042032,-0.286612,0.142629,0.179370,-,NVIDIA GeForce RTX 5090
cudnn,512,3,3,64,1,1,512,512,8,60,0.097311,0.001335,0.095584,9310.050187,0.000000,0.000000,0.000000,0.000000,456.175651,0.042018,-0.286555,0.142715,0.179368,IMPLICIT_GEMM,NVIDIA GeForce RTX 5090
direct_cuda,512,3,3,64,2,1,256,256,8,60,0.046499,0.000716,0.045632,4870.944316,0.000000,0.000000,0.000000,0.000000,-191.602267,0.042018,0.142715,-0.193316,0.202937,-,NVIDIA GeForce RTX 5090
im2col_cublas,512,3,3,64,2,1,256,256,8,60,0.030858,0.000544,0.030080,7339.796388,6.750000,0.008071,0.014701,0.000309,-191.648775,0.042032,0.142629,-0.193252,0.202974,-,NVIDIA GeForce RTX 5090
cudnn,512,3,3,64,2,1,256,256,8,60,0.034887,0.000618,0.032928,6492.184797,0.000000,0.000000,0.000000,0.000000,-191.602267,0.042018,0.142715,-0.193316,0.202937,IMPLICIT_GEMM,NVIDIA GeForce RTX 5090
direct_cuda,512,3,3,64,3,1,171,171,8,60,0.030683,0.000937,0.029568,3293.615151,0.000000,0.000000,0.000000,0.000000,109.869652,0.042018,0.179368,0.202937,-0.145089,-,NVIDIA GeForce RTX 5090
im2col_cublas,512,3,3,64,3,1,171,171,8,60,0.022789,0.001119,0.020960,4434.394572,3.011730,0.005927,0.008806,0.000293,109.780210,0.042032,0.179370,0.202974,-0.145032,-,NVIDIA GeForce RTX 5090
cudnn,512,3,3,64,3,1,171,171,8,60,0.024435,0.000804,0.022656,4135.709809,0.000000,0.000000,0.000000,0.000000,109.869652,0.042018,0.179368,0.202937,-0.145089,IMPLICIT_GEMM,NVIDIA GeForce RTX 5090
direct_cuda,1024,3,3,64,1,1,1024,1024,8,35,0.524546,0.000873,0.522976,6908.602617,0.000000,0.000000,0.000000,0.000000,454.755384,0.285387,0.233116,0.176703,-0.282643,-,NVIDIA GeForce RTX 5090
im2col_cublas,1024,3,3,64,1,1,1024,1024,8,35,0.345396,0.001444,0.342560,10491.949748,108.000000,0.077455,0.259275,0.000353,455.407379,0.285369,0.233079,0.176716,-0.282658,-,NVIDIA GeForce RTX 5090
cudnn,1024,3,3,64,1,1,1024,1024,8,35,0.348015,0.001092,0.346016,10413.006656,0.000000,0.000000,0.000000,0.000000,454.755384,0.285387,0.233116,0.176703,-0.282643,IMPLICIT_PRECOMP_GEMM,NVIDIA GeForce RTX 5090
direct_cuda,1024,3,3,64,2,1,512,512,8,35,0.184997,0.000862,0.183200,4897.199873,0.000000,0.000000,0.000000,0.000000,379.076805,0.285387,0.176703,-0.143890,-0.387281,-,NVIDIA GeForce RTX 5090
im2col_cublas,1024,3,3,64,2,1,512,512,8,35,0.089129,0.000723,0.088000,10164.685073,27.000000,0.025246,0.055305,0.000350,379.128198,0.285369,0.176716,-0.143858,-0.387320,-,NVIDIA GeForce RTX 5090
cudnn,1024,3,3,64,2,1,512,512,8,35,0.097015,0.000808,0.095936,9338.463243,0.000000,0.000000,0.000000,0.000000,379.076805,0.285387,0.176703,-0.143890,-0.387281,IMPLICIT_GEMM,NVIDIA GeForce RTX 5090
direct_cuda,1024,3,3,64,3,1,342,342,8,35,0.113645,0.000745,0.111680,3556.938632,0.000000,0.000000,0.000000,0.000000,-483.787011,0.285387,-0.282643,-0.387281,-0.054763,-,NVIDIA GeForce RTX 5090
im2col_cublas,1024,3,3,64,3,1,342,342,8,35,0.038982,0.001386,0.038304,10369.489501,12.046921,0.012140,0.019077,0.000349,-483.631920,0.285369,-0.282658,-0.387320,-0.054738,-,NVIDIA GeForce RTX 5090
cudnn,1024,3,3,64,3,1,342,342,8,35,0.057757,0.000290,0.057376,6998.732402,0.000000,0.000000,0.000000,0.000000,-483.787011,0.285387,-0.282643,-0.387281,-0.054763,IMPLICIT_GEMM,NVIDIA GeForce RTX 5090
direct_cuda,2048,3,3,64,1,1,2048,2048,5,18,1.984053,0.035471,1.954144,7306.010617,0.000000,0.000000,0.000000,0.000000,1940.066307,0.086916,-0.184373,0.177149,0.395333,-,NVIDIA GeForce RTX 5090
im2col_cublas,2048,3,3,64,1,1,2048,2048,5,18,1.655794,0.005637,1.641184,8754.420234,432.000000,0.549762,1.097413,0.000401,1941.765119,0.086884,-0.184376,0.177165,0.395323,-,NVIDIA GeForce RTX 5090
cudnn,2048,3,3,64,1,1,2048,2048,5,18,1.338468,0.003452,1.334848,10829.933536,0.000000,0.000000,0.000000,0.000000,1940.066307,0.086916,-0.184373,0.177149,0.395333,IMPLICIT_PRECOMP_GEMM,NVIDIA GeForce RTX 5090
direct_cuda,2048,3,3,64,2,1,1024,1024,5,18,0.598357,0.001015,0.596640,6056.378782,0.000000,0.000000,0.000000,0.000000,-1827.892239,0.086916,0.177149,-0.042314,-0.158735,-,NVIDIA GeForce RTX 5090
im2col_cublas,2048,3,3,64,2,1,1024,1024,5,18,0.375780,0.001744,0.373056,9643.629131,108.000000,0.099604,0.267737,0.000344,-1827.796668,0.086884,0.177165,-0.042251,-0.158736,-,NVIDIA GeForce RTX 5090
cudnn,2048,3,3,64,2,1,1024,1024,5,18,0.350763,0.001123,0.348096,10331.426193,0.000000,0.000000,0.000000,0.000000,-1827.892239,0.086916,0.177149,-0.042314,-0.158735,IMPLICIT_PRECOMP_GEMM,NVIDIA GeForce RTX 5090
direct_cuda,2048,3,3,64,3,1,683,683,5,18,0.455543,0.001033,0.453568,3539.041509,0.000000,0.000000,0.000000,0.000000,-1053.154785,0.086916,0.395333,-0.158735,0.221090,-,NVIDIA GeForce RTX 5090
im2col_cublas,2048,3,3,64,3,1,683,683,5,18,0.176709,0.001644,0.174432,9123.377622,48.046886,0.059145,0.109100,0.000334,-1053.178133,0.086884,0.395323,-0.158736,0.221102,-,NVIDIA GeForce RTX 5090
cudnn,2048,3,3,64,3,1,683,683,5,18,0.192510,0.000369,0.191424,8374.547372,0.000000,0.000000,0.000000,0.000000,-1053.154785,0.086916,0.395333,-0.158735,0.221090,IMPLICIT_PRECOMP_GEMM,NVIDIA GeForce RTX 5090
direct_cuda,4096,3,3,64,1,1,4096,4096,3,8,7.755344,0.033060,7.695744,7476.400620,0.000000,0.000000,0.000000,0.000000,4266.771148,-0.131418,0.277810,-0.054546,0.035220,-,NVIDIA GeForce RTX 5090
im2col_cublas,4096,3,3,64,1,1,4096,4096,3,8,5.860068,0.008325,5.839648,9894.434376,1728.000000,1.608808,4.242384,0.000376,4269.510262,-0.131442,0.277676,-0.054544,0.035257,-,NVIDIA GeForce RTX 5090
cudnn,4096,3,3,64,1,1,4096,4096,3,8,5.304196,0.006358,5.296960,10931.356579,0.000000,0.000000,0.000000,0.000000,4266.771148,-0.131418,0.277810,-0.054546,0.035220,IMPLICIT_PRECOMP_GEMM,NVIDIA GeForce RTX 5090
direct_cuda,4096,3,3,64,2,1,2048,2048,3,8,2.142812,0.001009,2.141600,6764.716052,0.000000,0.000000,0.000000,0.000000,-2059.229788,-0.131418,-0.054546,0.033894,-0.251534,-,NVIDIA GeForce RTX 5090
im2col_cublas,4096,3,3,64,2,1,2048,2048,3,8,1.896268,0.002600,1.892608,7644.233125,432.000000,0.801568,1.085972,0.000373,-2059.034283,-0.131442,-0.054544,0.033799,-0.251476,-,NVIDIA GeForce RTX 5090
cudnn,4096,3,3,64,2,1,2048,2048,3,8,1.350288,0.002731,1.345440,10735.128050,0.000000,0.000000,0.000000,0.000000,-2059.229788,-0.131418,-0.054546,0.033894,-0.251534,IMPLICIT_PRECOMP_GEMM,NVIDIA GeForce RTX 5090
direct_cuda,4096,3,3,64,3,1,1366,1366,3,8,2.498956,0.002656,2.494144,2580.575197,0.000000,0.000000,0.000000,0.000000,-170.280961,-0.131418,0.035220,-0.251534,0.027578,-,NVIDIA GeForce RTX 5090
im2col_cublas,4096,3,3,64,3,1,1366,1366,3,8,0.847784,0.005310,0.841184,7606.588483,192.187546,0.361168,0.477952,0.000336,-169.572183,-0.131442,0.035257,-0.251476,0.027618,-,NVIDIA GeForce RTX 5090
cudnn,4096,3,3,64,3,1,1366,1366,3,8,0.719620,0.003184,0.716672,8961.318331,0.000000,0.000000,0.000000,0.000000,-170.280961,-0.131418,0.035220,-0.251534,0.027578,IMPLICIT_PRECOMP_GEMM,NVIDIA GeForce RTX 5090
direct_cuda,256,3,3,128,1,1,256,256,8,80,0.071146,0.000831,0.070528,6367.011101,0.000000,0.000000,0.000000,0.000000,-627.898326,-0.118816,-0.256646,0.327385,0.128472,-,NVIDIA GeForce RTX 5090
im2col_cublas,256,3,3,128,1,1,256,256,8,80,0.037599,0.001158,0.035872,12047.725208,6.750000,0.007882,0.021650,0.000321,-628.046555,-0.118846,-0.256600,0.327442,0.128458,-,NVIDIA GeForce RTX 5090
cudnn,256,3,3,128,1,1,256,256,8,80,0.054035,0.001378,0.052544,8383.205455,0.000000,0.000000,0.000000,0.000000,-627.898326,-0.118816,-0.256646,0.327385,0.128472,IMPLICIT_GEMM,NVIDIA GeForce RTX 5090
direct_cuda,256,3,3,128,2,1,128,128,8,80,0.021678,0.000534,0.020640,5224.015496,0.000000,0.000000,0.000000,0.000000,-483.287589,-0.118816,0.327385,0.097270,-0.189316,-,NVIDIA GeForce RTX 5090
im2col_cublas,256,3,3,128,2,1,128,128,8,80,0.021234,0.001001,0.019840,5333.148473,1.687500,0.004513,0.008729,0.000316,-483.380751,-0.118846,0.327442,0.097290,-0.189341,-,NVIDIA GeForce RTX 5090
cudnn,256,3,3,128,2,1,128,128,8,80,0.024274,0.001923,0.014912,4665.329508,0.000000,0.000000,0.000000,0.000000,-483.287589,-0.118816,0.327385,0.097270,-0.189316,IMPLICIT_GEMM,NVIDIA GeForce RTX 5090
direct_cuda,256,3,3,128,3,1,86,86,8,80,0.017406,0.000405,0.016512,2937.052006,0.000000,0.000000,0.000000,0.000000,-4.908475,-0.118816,0.128472,-0.189316,0.005925,-,NVIDIA GeForce RTX 5090
im2col_cublas,256,3,3,128,3,1,86,86,8,80,0.018404,0.000911,0.017728,2777.659270,0.761765,0.003783,0.006560,0.000304,-4.933799,-0.118846,0.128458,-0.189341,0.005840,-,NVIDIA GeForce RTX 5090
cudnn,256,3,3,128,3,1,86,86,8,80,0.017557,0.001515,0.016384,2911.757972,0.000000,0.000000,0.000000,0.000000,-4.908475,-0.118816,0.128472,-0.189316,0.005925,IMPLICIT_GEMM,NVIDIA GeForce RTX 5090
direct_cuda,512,3,3,128,1,1,512,512,8,60,0.296784,0.001081,0.294912,6105.245975,0.000000,0.000000,0.000000,0.000000,-522.630456,0.164891,0.166641,-0.112346,-0.165631,-,NVIDIA GeForce RTX 5090
im2col_cublas,512,3,3,128,1,1,512,512,8,60,0.127209,0.001232,0.125248,14243.790931,27.000000,0.022590,0.096046,0.000322,-522.943667,0.164898,0.166720,-0.112369,-0.165640,-,NVIDIA GeForce RTX 5090
cudnn,512,3,3,128,1,1,512,512,8,60,0.173542,0.004761,0.167936,10440.934781,4.017593,0.000000,0.000000,0.000322,-522.938384,0.164898,0.166720,-0.112369,-0.165640,IMPLICIT_PRECOMP_GEMM,NVIDIA GeForce RTX 5090
direct_cuda,512,3,3,128,2,1,256,256,8,60,0.089781,0.001030,0.088288,5045.453216,0.000000,0.000000,0.000000,0.000000,-122.409098,0.164891,-0.112346,-0.175436,-0.085329,-,NVIDIA GeForce RTX 5090
im2col_cublas,512,3,3,128,2,1,256,256,8,60,0.037847,0.001198,0.036224,11968.696228,6.750000,0.007816,0.021982,0.000317,-122.472924,0.164898,-0.112369,-0.175448,-0.085322,-,NVIDIA GeForce RTX 5090
cudnn,512,3,3,128,2,1,256,256,8,60,0.055463,0.000543,0.053504,8167.343608,0.000000,0.000000,0.000000,0.000000,-122.409098,0.164891,-0.112346,-0.175436,-0.085329,IMPLICIT_GEMM,NVIDIA GeForce RTX 5090
direct_cuda,512,3,3,128,3,1,171,171,8,60,0.057172,0.000989,0.055520,3535.171911,0.000000,0.000000,0.000000,0.000000,-986.161827,0.164891,-0.165631,-0.085329,-0.044310,-,NVIDIA GeForce RTX 5090
im2col_cublas,512,3,3,128,3,1,171,171,8,60,0.026682,0.001199,0.025120,7575.025182,3.011730,0.005795,0.012866,0.000316,-986.256221,0.164898,-0.165640,-0.085322,-0.044290,-,NVIDIA GeForce RTX 5090
cudnn,512,3,3,128,3,1,171,171,8,60,0.035652,0.001443,0.034688,5669.115489,0.000000,0.000000,0.000000,0.000000,-986.161827,0.164891,-0.165631,-0.085329,-0.044310,IMPLICIT_GEMM,NVIDIA GeForce RTX 5090
direct_cuda,1024,3,3,128,1,1,1024,1024,8,35,0.991547,0.009595,0.987904,7309.548482,0.000000,0.000000,0.000000,0.000000,-1971.779122,-0.108608,0.069346,0.226299,0.145670,-,NVIDIA GeForce RTX 5090
im2col_cublas,1024,3,3,128,1,1,1024,1024,8,35,0.538041,0.002583,0.532864,13470.649206,108.000000,0.078203,0.451316,0.000183,-1971.777492,-0.108608,0.069346,0.226299,0.145670,-,NVIDIA GeForce RTX 5090
cudnn,1024,3,3,128,1,1,1024,1024,8,35,0.562453,0.000920,0.560128,12885.977939,16.017593,0.000000,0.000000,0.000378,-1971.966329,-0.108637,0.069395,0.226364,0.145768,IMPLICIT_PRECOMP_GEMM,NVIDIA GeForce RTX 5090
direct_cuda,1024,3,3,128,2,1,512,512,8,35,0.368765,0.001241,0.367264,4913.530450,0.000000,0.000000,0.000000,0.000000,-267.988001,-0.108608,0.226299,0.074001,-0.051386,-,NVIDIA GeForce RTX 5090
im2col_cublas,1024,3,3,128,2,1,512,512,8,35,0.134365,0.001446,0.131456,13485.177430,27.000000,0.026206,0.099438,0.000374,-268.022269,-0.108637,0.226364,0.074021,-0.051359,-,NVIDIA GeForce RTX 5090
cudnn,1024,3,3,128,2,1,512,512,8,35,0.182605,0.001437,0.181152,9922.736625,0.000000,0.000000,0.000000,0.000000,-267.988001,-0.108608,0.226299,0.074001,-0.051386,IMPLICIT_PRECOMP_GEMM,NVIDIA GeForce RTX 5090
direct_cuda,1024,3,3,128,3,1,342,342,8,35,0.228617,0.000671,0.227424,3536.284098,0.000000,0.000000,0.000000,0.000000,356.358092,-0.108608,0.145670,-0.051386,0.043980,-,NVIDIA GeForce RTX 5090
im2col_cublas,1024,3,3,128,3,1,342,342,8,35,0.055244,0.001358,0.054336,14634.292179,12.046921,0.011926,0.035483,0.000358,356.408602,-0.108637,0.145768,-0.051359,0.043989,-,NVIDIA GeForce RTX 5090
cudnn,1024,3,3,128,3,1,342,342,8,35,0.100763,0.001197,0.098464,8023.299599,0.000000,0.000000,0.000000,0.000000,356.358092,-0.108608,0.145670,-0.051386,0.043980,IMPLICIT_GEMM,NVIDIA GeForce RTX 5090
direct_cuda,2048,3,3,128,1,1,2048,2048,5,18,4.014905,0.081463,3.888864,7220.850875,0.000000,0.000000,0.000000,0.000000,300.090623,0.353984,0.033631,-0.171351,-0.164252,-,NVIDIA GeForce RTX 5090
im2col_cublas,2048,3,3,128,1,1,2048,2048,5,18,2.455671,0.004085,2.447712,11805.745936,432.000000,0.563991,1.883116,0.000196,300.093804,0.353984,0.033631,-0.171351,-0.164252,-,NVIDIA GeForce RTX 5090
cudnn,2048,3,3,128,1,1,2048,2048,5,18,2.218638,0.076549,2.117568,13067.037451,64.017593,0.000000,0.000000,0.000402,299.962667,0.353953,0.033591,-0.171381,-0.164248,IMPLICIT_PRECOMP_GEMM,NVIDIA GeForce RTX 5090
direct_cuda,2048,3,3,128,2,1,1024,1024,5,18,1.071179,0.001531,1.067872,6766.151691,0.000000,0.000000,0.000000,0.000000,175.812349,0.353984,-0.171351,0.102531,-0.259401,-,NVIDIA GeForce RTX 5090
im2col_cublas,2048,3,3,128,2,1,1024,1024,5,18,0.564830,0.002369,0.560224,12831.744921,108.000000,0.099065,0.457308,0.000239,175.812065,0.353984,-0.171351,0.102531,-0.259401,-,NVIDIA GeForce RTX 5090
cudnn,2048,3,3,128,2,1,1024,1024,5,18,0.682681,0.001027,0.680928,10616.610881,0.000000,0.000000,0.000000,0.000000,175.812349,0.353984,-0.171351,0.102531,-0.259401,IMPLICIT_GEMM,NVIDIA GeForce RTX 5090
direct_cuda,2048,3,3,128,3,1,683,683,5,18,0.909804,0.001239,0.907680,3544.027501,0.000000,0.000000,0.000000,0.000000,2529.982211,0.353984,-0.164252,-0.259401,-0.016394,-,NVIDIA GeForce RTX 5090
im2col_cublas,2048,3,3,128,3,1,683,683,5,18,0.270316,0.001781,0.265856,11928.138394,48.046886,0.063540,0.198277,0.000374,2529.598653,0.353953,-0.164248,-0.259395,-0.016439,-,NVIDIA GeForce RTX 5090
cudnn,2048,3,3,128,3,1,683,683,5,18,0.369426,0.001397,0.366528,8728.064428,0.000000,0.000000,0.000000,0.000000,2529.982211,0.353984,-0.164252,-0.259401,-0.016394,IMPLICIT_PRECOMP_GEMM,NVIDIA GeForce RTX 5090
direct_cuda,4096,3,3,128,2,1,2048,2048,3,8,4.203956,0.020083,4.192000,6896.130500,0.000000,0.000000,0.000000,0.000000,-2053.924000,0.050057,-0.220377,0.082393,0.216873,-,NVIDIA GeForce RTX 5090
im2col_cublas,4096,3,3,128,2,1,2048,2048,3,8,2.690048,0.003259,2.683296,10777.141950,432.000000,0.805024,1.876176,0.000243,-2053.929418,0.050057,-0.220377,0.082393,0.216873,-,NVIDIA GeForce RTX 5090
cudnn,4096,3,3,128,2,1,2048,2048,3,8,2.678612,0.002234,2.672960,10823.153676,0.000000,0.000000,0.000000,0.000000,-2053.924000,0.050057,-0.220377,0.082393,0.216873,IMPLICIT_PRECOMP_GEMM,NVIDIA GeForce RTX 5090
direct_cuda,4096,3,3,128,3,1,1366,1366,3,8,3.836984,0.011950,3.806112,3361.360861,0.000000,0.000000,0.000000,0.000000,1470.694256,0.050057,-0.089397,0.216873,0.109859,-,NVIDIA GeForce RTX 5090
im2col_cublas,4096,3,3,128,3,1,1366,1366,3,8,1.202476,0.004466,1.193632,10725.775623,192.187546,0.362660,0.831096,0.000000,1470.694256,0.050057,-0.089397,0.216873,0.109859,-,NVIDIA GeForce RTX 5090
cudnn,4096,3,3,128,3,1,1366,1366,3,8,1.414096,0.001793,1.410976,9120.659341,0.000000,0.000000,0.000000,0.000000,1470.694256,0.050057,-0.089397,0.216873,0.109859,IMPLICIT_GEMM,NVIDIA GeForce RTX 5090
